表名,分类,区域,价格,趋势,日期
﻿1、明日鸡苗（单位：元/羽）,鸡苗,山东大厂,停孵,0.00,2018-01-10
﻿1、明日鸡苗（单位：元/羽）,鸡苗,山东中小厂,停孵,0.00,2018-01-10
﻿1、明日鸡苗（单位：元/羽）,鸡苗,河北,停孵,0.00,2018-01-10
﻿1、明日鸡苗（单位：元/羽）,鸡苗,河南,停孵,0.00,2018-01-10
﻿1、明日鸡苗（单位：元/羽）,鸡苗,山西,停孵,0.00,2018-01-10
﻿1、明日鸡苗（单位：元/羽）,鸡苗,江苏,停孵,0.00,2018-01-10
﻿1、明日鸡苗（单位：元/羽）,鸡苗,安徽,停孵,0.00,2018-01-10
﻿1、明日鸡苗（单位：元/羽）,鸡苗,吉林,停孵,0.00,2018-01-10
﻿1、明日鸡苗（单位：元/羽）,鸡苗,黑龙江,停孵,0.00,2018-01-10
﻿1、明日鸡苗（单位：元/羽）,鸡苗,辽宁,停孵,0.00,2018-01-10
﻿1、明日鸡苗（单位：元/羽）,鸡苗,内蒙古,停孵,0.00,2018-01-10
﻿1、明日鸡苗（单位：元/羽）,种蛋,河北,1.65-1.75,0.00,2018-01-10
﻿1、明日鸡苗（单位：元/羽）,种蛋,河南,1.75-1.85,0.00,2018-01-10
﻿1、明日鸡苗（单位：元/羽）,种蛋,宁夏,1.75-1.85,0.00,2018-01-10
﻿1、明日鸡苗（单位：元/羽）,种蛋,兰州,1.75-1.85,0.00,2018-01-10
﻿1、明日鸡苗（单位：元/羽）,种蛋,辽宁,1.65-1.75,0.00,2018-01-10
﻿1、明日鸡苗（单位：元/羽）,种蛋,黑龙江,1.70-1.80,0.00,2018-01-10
﻿1、明日鸡苗（单位：元/羽）,种蛋,吉林,1.70-1.80,0.00,2018-01-10
﻿1、明日鸡苗（单位：元/羽）,817鸡苗,山东德州,停孵,0.00,2018-01-10
﻿1、明日鸡苗（单位：元/羽）,817鸡苗,山东聊城,停孵,0.00,2018-01-10
﻿表名,分类,区域,价格,趋势,日期
﻿2、今日毛鸡（单位：元/斤）,山东,沂南,3.91,-0.04,2018-01-10
﻿2、今日毛鸡（单位：元/斤）,山东,潍坊,3.92,-0.03,2018-01-10
﻿2、今日毛鸡（单位：元/斤）,山东,青岛,3.92,-0.03,2018-01-10
﻿2、今日毛鸡（单位：元/斤）,山东,烟台,3.92,-0.03,2018-01-10
﻿2、今日毛鸡（单位：元/斤）,山东,东营,3.92,-0.03,2018-01-10
﻿2、今日毛鸡（单位：元/斤）,山东,日照,3.92,-0.03,2018-01-10
﻿2、今日毛鸡（单位：元/斤）,山东,枣庄,3.90,-0.03,2018-01-10
﻿2、今日毛鸡（单位：元/斤）,山东,泰安,3.90,-0.03,2018-01-10
﻿2、今日毛鸡（单位：元/斤）,山东,菏泽（活禽）,4.25,0.05,2018-01-10
﻿2、今日毛鸡（单位：元/斤）,山东,滨州,3.92,-0.03,2018-01-10
﻿2、今日毛鸡（单位：元/斤）,山东,博兴,3.92,-0.03,2018-01-10
﻿2、今日毛鸡（单位：元/斤）,山东,德州,3.92,-0.03,2018-01-10
﻿2、今日毛鸡（单位：元/斤）,山东,临沂,3.91,-0.04,2018-01-10
﻿2、今日毛鸡（单位：元/斤）,河北,廊坊,3.86,-0.04,2018-01-10
﻿2、今日毛鸡（单位：元/斤）,河北,保定,3.90,-0.05,2018-01-10
﻿2、今日毛鸡（单位：元/斤）,河北,石家庄,4.02,-0.03,2018-01-10
﻿2、今日毛鸡（单位：元/斤）,河北,唐山,3.96,-0.04,2018-01-10
﻿2、今日毛鸡（单位：元/斤）,河南,安阳,3.93,-0.03,2018-01-10
﻿2、今日毛鸡（单位：元/斤）,河南,新乡,3.93,-0.03,2018-01-10
﻿2、今日毛鸡（单位：元/斤）,河南,濮阳,3.93,-0.03,2018-01-10
﻿2、今日毛鸡（单位：元/斤）,河南,周口（活禽）,4.20,0.05,2018-01-10
﻿2、今日毛鸡（单位：元/斤）,河南,商丘（活禽）,4.20,0.05,2018-01-10
﻿2、今日毛鸡（单位：元/斤）,河南,开封（活禽）,4.20,0.05,2018-01-10
﻿2、今日毛鸡（单位：元/斤）,辽宁,沈阳,4.20,-0.10,2018-01-10
﻿2、今日毛鸡（单位：元/斤）,辽宁,大连,4.15,-0.10,2018-01-10
﻿2、今日毛鸡（单位：元/斤）,辽宁,鞍山,4.15,-0.10,2018-01-10
﻿2、今日毛鸡（单位：元/斤）,辽宁,营口,4.15,-0.10,2018-01-10
﻿2、今日毛鸡（单位：元/斤）,辽宁,盘锦,4.15,-0.10,2018-01-10
﻿2、今日毛鸡（单位：元/斤）,辽宁,辽阳,4.15,-0.10,2018-01-10
﻿2、今日毛鸡（单位：元/斤）,辽宁,本溪,4.20,-0.10,2018-01-10
﻿2、今日毛鸡（单位：元/斤）,辽宁,铁岭,4.20,-0.10,2018-01-10
﻿2、今日毛鸡（单位：元/斤）,辽宁,抚顺,4.20,-0.10,2018-01-10
﻿2、今日毛鸡（单位：元/斤）,辽宁,丹东,4.20,-0.10,2018-01-10
﻿2、今日毛鸡（单位：元/斤）,辽宁,锦州,4.20,-0.10,2018-01-10
﻿2、今日毛鸡（单位：元/斤）,辽宁,朝阳,4.20,-0.10,2018-01-10
﻿2、今日毛鸡（单位：元/斤）,辽宁,阜新,4.20,-0.10,2018-01-10
﻿2、今日毛鸡（单位：元/斤）,辽宁,葫芦岛,4.20,-0.10,2018-01-10
﻿2、今日毛鸡（单位：元/斤）,817毛鸡,聊城2.8-3.0斤以上,5.20,0.00,2018-01-10
﻿2、今日毛鸡（单位：元/斤）,817毛鸡,小规格1.7-2.2斤,4.60,-0.05,2018-01-10
﻿2、今日毛鸡（单位：元/斤）,817毛鸡,德州3.0斤以上,4.60,-0.10,2018-01-10
﻿2、今日毛鸡（单位：元/斤）,817毛鸡,小规格2.3-2.5斤,4.55,-0.05,2018-01-10
﻿2、今日毛鸡（单位：元/斤）,江苏,宿迁,3.83,0.00,2018-01-10
﻿2、今日毛鸡（单位：元/斤）,吉林,吉林（棚前）,4.10,0.00,2018-01-10
﻿2、今日毛鸡（单位：元/斤）,黑龙江,黑龙江（棚前）,4.10,0.00,2018-01-10
﻿表名,分类,区域,价格,趋势,日期
﻿3、今日山东麻鸡（单位：元/斤）,无,潍坊,6.10,0.00,2018-01-10
﻿3、今日山东麻鸡（单位：元/斤）,无,淄博,6.00,0.00,2018-01-10
﻿3、今日山东麻鸡（单位：元/斤）,无,东营,6.10,0.00,2018-01-10
﻿3、今日山东麻鸡（单位：元/斤）,无,日照,5.90,0.00,2018-01-10
﻿3、今日山东麻鸡（单位：元/斤）,无,枣庄,5.90,0.00,2018-01-10
﻿3、今日山东麻鸡（单位：元/斤）,无,泰安,6.00,0.00,2018-01-10
﻿3、今日山东麻鸡（单位：元/斤）,无,滨州,6.10,0.00,2018-01-10
﻿3、今日山东麻鸡（单位：元/斤）,无,临沂,5.90,0.00,2018-01-10
﻿3、今日山东麻鸡（单位：元/斤）,无,聊城,5.90,0.00,2018-01-10
﻿3、今日山东麻鸡（单位：元/斤）,无,菏泽,5.90,0.00,2018-01-10
﻿3、今日山东麻鸡（单位：元/斤）,无,济南,6.00,0.00,2018-01-10
﻿3、今日山东麻鸡（单位：元/斤）,无,济宁,5.90,0.00,2018-01-10
﻿表名,分类,厂家,价格,趋势,日期
﻿1.明日鸭苗（单位：元/羽）,无,益客（到户）,1.45,0.20,2018-01-10
﻿1.明日鸭苗（单位：元/羽）,无,新希望六和,1.40,0.20,2018-01-10
﻿1.明日鸭苗（单位：元/羽）,无,和康源（到户）,1.45,0.20,2018-01-10
﻿1.明日鸭苗（单位：元/羽）,无,乐港,1.40,0.20,2018-01-10
﻿1.明日鸭苗（单位：元/羽）,无,强英,1.40,0.20,2018-01-10
﻿1.明日鸭苗（单位：元/羽）,无,徐桂,1.40,0.20,2018-01-10
﻿1.明日鸭苗（单位：元/羽）,无,华英,1.40,0.20,2018-01-10
﻿1.明日鸭苗（单位：元/羽）,无,潍坊大江,1.40,0.20,2018-01-10
﻿1.明日鸭苗（单位：元/羽）,无,内蒙古维尔,1.40,0.20,2018-01-10
﻿1.明日鸭苗（单位：元/羽）,无,塞飞亚,1.40,0.20,2018-01-10
﻿1.明日鸭苗（单位：元/羽）,无,粤桂,1.20,0.20,2018-01-10
﻿1.明日鸭苗（单位：元/羽）,无,桂桂,1.00,0.10,2018-01-10
﻿1.明日鸭苗（单位：元/羽）,无,广西实隆,1.00,0.10,2018-01-10
﻿1.明日鸭苗（单位：元/羽）,无,广西康旺,1.00,0.10,2018-01-10
﻿1.明日鸭苗（单位：元/羽）,无,川桂,1.30,0.20,2018-01-10
﻿1.明日鸭苗（单位：元/羽）,无,绵樱,1.30,0.20,2018-01-10
﻿1.明日鸭苗（单位：元/羽）,无,智诚,1.40,0.20,2018-01-10
﻿1.明日鸭苗（单位：元/羽）,无,金枫樱桃谷,1.40,0.20,2018-01-10
﻿1.明日鸭苗（单位：元/羽）,无,种蛋,1.80,0.00,2018-01-10
﻿表名,分类,区域,价格,趋势,日期
﻿2、今日毛鸭（单位：元/斤）,山东,临沂,3.40,0.00,2018-01-10
﻿2、今日毛鸭（单位：元/斤）,山东,泰安,3.40,0.00,2018-01-10
﻿2、今日毛鸭（单位：元/斤）,山东,淄博（棚前）,3.17,-0.03,2018-01-10
﻿2、今日毛鸭（单位：元/斤）,山东,滨州（棚前）,3.17,-0.03,2018-01-10
﻿2、今日毛鸭（单位：元/斤）,山东,莱芜,3.40,0.00,2018-01-10
﻿2、今日毛鸭（单位：元/斤）,山东,肥城,3.40,0.00,2018-01-10
﻿2、今日毛鸭（单位：元/斤）,山东,郓城,3.40,0.00,2018-01-10
﻿2、今日毛鸭（单位：元/斤）,山东,枣庄,3.40,0.00,2018-01-10
﻿2、今日毛鸭（单位：元/斤）,山东,潍坊（棚前）,3.20,0.00,2018-01-10
﻿2、今日毛鸭（单位：元/斤）,山东,菏泽,3.25,0.00,2018-01-10
﻿2、今日毛鸭（单位：元/斤）,山东,济宁,3.40,0.00,2018-01-10
﻿2、今日毛鸭（单位：元/斤）,江苏,南京,3.40,0.00,2018-01-10
﻿2、今日毛鸭（单位：元/斤）,江苏,新沂,3.30,0.00,2018-01-10
﻿2、今日毛鸭（单位：元/斤）,江苏,宿迁,3.30,0.00,2018-01-10
﻿2、今日毛鸭（单位：元/斤）,江苏,邳州,3.30,0.00,2018-01-10
﻿2、今日毛鸭（单位：元/斤）,江苏,徐州,3.40,0.00,2018-01-10
﻿2、今日毛鸭（单位：元/斤）,江苏,淮安,3.40,0.00,2018-01-10
﻿2、今日毛鸭（单位：元/斤）,江苏,常州,3.40,0.00,2018-01-10
﻿2、今日毛鸭（单位：元/斤）,江苏,泰州,3.40,0.00,2018-01-10
﻿2、今日毛鸭（单位：元/斤）,河南,郑州,3.35,0.00,2018-01-10
﻿2、今日毛鸭（单位：元/斤）,河南,南阳,3.35,0.00,2018-01-10
﻿2、今日毛鸭（单位：元/斤）,河南,焦作,3.35,0.00,2018-01-10
﻿2、今日毛鸭（单位：元/斤）,河南,安阳,3.35,0.00,2018-01-10
﻿2、今日毛鸭（单位：元/斤）,河北,石家庄,3.45,0.00,2018-01-10
﻿2、今日毛鸭（单位：元/斤）,河北,保定,3.45,0.00,2018-01-10
﻿2、今日毛鸭（单位：元/斤）,河北,邢台,3.30,0.00,2018-01-10
﻿2、今日毛鸭（单位：元/斤）,空,沧州（肥型棚前）,3.80,0.00,2018-01-10
﻿2、今日毛鸭（单位：元/斤）,空,沧州（四系）,4.30,0.00,2018-01-10
﻿2、今日毛鸭（单位：元/斤）,安徽,合肥,3.40,0.00,2018-01-10
﻿2、今日毛鸭（单位：元/斤）,安徽,蚌埠,3.40,0.00,2018-01-10
﻿2、今日毛鸭（单位：元/斤）,安徽,宣城,3.45,0.00,2018-01-10
﻿2、今日毛鸭（单位：元/斤）,安徽,砀山,3.45,0.00,2018-01-10
﻿2、今日毛鸭（单位：元/斤）,湖北,武汉,3.70,0.00,2018-01-10
﻿2、今日毛鸭（单位：元/斤）,湖北,黄石,3.60,0.00,2018-01-10
﻿2、今日毛鸭（单位：元/斤）,湖北,荆门,3.60,0.00,2018-01-10
﻿2、今日毛鸭（单位：元/斤）,江西,南昌,4.90,0.00,2018-01-10
﻿2、今日毛鸭（单位：元/斤）,江西,丰城,4.90,0.00,2018-01-10
﻿2、今日毛鸭（单位：元/斤）,江西,吉安,5.00,0.00,2018-01-10
﻿2、今日毛鸭（单位：元/斤）,四川,成都,4.10,0.00,2018-01-10
﻿2、今日毛鸭（单位：元/斤）,四川,乐山,4.00,0.00,2018-01-10
﻿2、今日毛鸭（单位：元/斤）,四川,眉山,4.00,0.00,2018-01-10
﻿2、今日毛鸭（单位：元/斤）,四川,攀枝花,3.90,0.00,2018-01-10
﻿2、今日毛鸭（单位：元/斤）,广西,南宁旱鸭,5.20,0.20,2018-01-10
﻿2、今日毛鸭（单位：元/斤）,广西,南宁水鸭,5.70,0.40,2018-01-10
﻿2、今日毛鸭（单位：元/斤）,广西,柳州旱鸭,5.20,0.20,2018-01-10
﻿2、今日毛鸭（单位：元/斤）,广西,钦州水鸭,5.70,0.40,2018-01-10
﻿2、今日毛鸭（单位：元/斤）,广西,钦州旱鸭,5.20,0.20,2018-01-10
﻿2、今日毛鸭（单位：元/斤）,广西,桂林旱鸭,5.00,0.10,2018-01-10
﻿2、今日毛鸭（单位：元/斤）,广东,佛山,5.30,0.10,2018-01-10
﻿2、今日毛鸭（单位：元/斤）,广东,惠州,5.30,0.10,2018-01-10
﻿2、今日毛鸭（单位：元/斤）,广东,肇庆,5.30,0.10,2018-01-10
﻿2、今日毛鸭（单位：元/斤）,重庆,重庆,4.20,0.00,2018-01-10
﻿表名,分类,区域,价格,趋势,日期
﻿1、明日鸡苗（单位：元/羽）,鸡苗,山东大厂,停孵,0.00,2018-01-09
﻿1、明日鸡苗（单位：元/羽）,鸡苗,山东中小厂,停孵,0.00,2018-01-09
﻿1、明日鸡苗（单位：元/羽）,鸡苗,河北,停孵,0.00,2018-01-09
﻿1、明日鸡苗（单位：元/羽）,鸡苗,河南,停孵,0.00,2018-01-09
﻿1、明日鸡苗（单位：元/羽）,鸡苗,山西,停孵,0.00,2018-01-09
﻿1、明日鸡苗（单位：元/羽）,鸡苗,江苏,停孵,0.00,2018-01-09
﻿1、明日鸡苗（单位：元/羽）,鸡苗,安徽,停孵,0.00,2018-01-09
﻿1、明日鸡苗（单位：元/羽）,鸡苗,吉林,停孵,0.00,2018-01-09
﻿1、明日鸡苗（单位：元/羽）,鸡苗,黑龙江,停孵,0.00,2018-01-09
﻿1、明日鸡苗（单位：元/羽）,鸡苗,辽宁,停孵,0.00,2018-01-09
﻿1、明日鸡苗（单位：元/羽）,鸡苗,内蒙古,停孵,0.00,2018-01-09
﻿1、明日鸡苗（单位：元/羽）,种蛋,河北,1.65-1.75,0.00,2018-01-09
﻿1、明日鸡苗（单位：元/羽）,种蛋,河南,1.75-1.85,0.00,2018-01-09
﻿1、明日鸡苗（单位：元/羽）,种蛋,宁夏,1.75-1.85,0.00,2018-01-09
﻿1、明日鸡苗（单位：元/羽）,种蛋,兰州,1.75-1.85,0.00,2018-01-09
﻿1、明日鸡苗（单位：元/羽）,种蛋,辽宁,1.65-1.75,0.00,2018-01-09
﻿1、明日鸡苗（单位：元/羽）,种蛋,黑龙江,1.70-1.80,0.00,2018-01-09
﻿1、明日鸡苗（单位：元/羽）,种蛋,吉林,1.70-1.80,0.00,2018-01-09
﻿1、明日鸡苗（单位：元/羽）,817鸡苗,山东德州,停孵,0.00,2018-01-09
﻿1、明日鸡苗（单位：元/羽）,817鸡苗,山东聊城,停孵,0.00,2018-01-09
﻿表名,分类,区域,价格,趋势,日期
﻿2、今日毛鸡（单位：元/斤）,山东,沂南,3.95,-0.05,2018-01-09
﻿2、今日毛鸡（单位：元/斤）,山东,潍坊,3.95,-0.05,2018-01-09
﻿2、今日毛鸡（单位：元/斤）,山东,青岛,3.95,-0.05,2018-01-09
﻿2、今日毛鸡（单位：元/斤）,山东,烟台,3.95,-0.05,2018-01-09
﻿2、今日毛鸡（单位：元/斤）,山东,东营,3.95,-0.05,2018-01-09
﻿2、今日毛鸡（单位：元/斤）,山东,日照,3.95,-0.05,2018-01-09
﻿2、今日毛鸡（单位：元/斤）,山东,枣庄,3.93,-0.02,2018-01-09
﻿2、今日毛鸡（单位：元/斤）,山东,泰安,3.93,-0.02,2018-01-09
﻿2、今日毛鸡（单位：元/斤）,山东,菏泽（活禽）,4.20,0.10,2018-01-09
﻿2、今日毛鸡（单位：元/斤）,山东,滨州,3.95,-0.05,2018-01-09
﻿2、今日毛鸡（单位：元/斤）,山东,博兴,3.95,-0.05,2018-01-09
﻿2、今日毛鸡（单位：元/斤）,山东,德州,3.95,-0.05,2018-01-09
﻿2、今日毛鸡（单位：元/斤）,山东,临沂,3.95,-0.05,2018-01-09
﻿2、今日毛鸡（单位：元/斤）,河北,廊坊,3.90,-0.05,2018-01-09
﻿2、今日毛鸡（单位：元/斤）,河北,保定,3.95,-0.05,2018-01-09
﻿2、今日毛鸡（单位：元/斤）,河北,石家庄,4.05,0.00,2018-01-09
﻿2、今日毛鸡（单位：元/斤）,河北,唐山,4.00,0.00,2018-01-09
﻿2、今日毛鸡（单位：元/斤）,河南,安阳,3.96,-0.04,2018-01-09
﻿2、今日毛鸡（单位：元/斤）,河南,新乡,3.96,-0.04,2018-01-09
﻿2、今日毛鸡（单位：元/斤）,河南,濮阳,3.96,-0.04,2018-01-09
﻿2、今日毛鸡（单位：元/斤）,河南,周口（活禽）,4.15,-0.15,2018-01-09
﻿2、今日毛鸡（单位：元/斤）,河南,商丘（活禽）,4.15,-0.15,2018-01-09
﻿2、今日毛鸡（单位：元/斤）,河南,开封（活禽）,4.15,-0.15,2018-01-09
﻿2、今日毛鸡（单位：元/斤）,辽宁,沈阳,4.30,0.00,2018-01-09
﻿2、今日毛鸡（单位：元/斤）,辽宁,大连,4.25,0.00,2018-01-09
﻿2、今日毛鸡（单位：元/斤）,辽宁,鞍山,4.25,0.00,2018-01-09
﻿2、今日毛鸡（单位：元/斤）,辽宁,营口,4.25,0.00,2018-01-09
﻿2、今日毛鸡（单位：元/斤）,辽宁,盘锦,4.25,0.00,2018-01-09
﻿2、今日毛鸡（单位：元/斤）,辽宁,辽阳,4.25,0.00,2018-01-09
﻿2、今日毛鸡（单位：元/斤）,辽宁,本溪,4.30,0.00,2018-01-09
﻿2、今日毛鸡（单位：元/斤）,辽宁,铁岭,4.30,0.00,2018-01-09
﻿2、今日毛鸡（单位：元/斤）,辽宁,抚顺,4.30,0.00,2018-01-09
﻿2、今日毛鸡（单位：元/斤）,辽宁,丹东,4.30,0.00,2018-01-09
﻿2、今日毛鸡（单位：元/斤）,辽宁,锦州,4.30,0.00,2018-01-09
﻿2、今日毛鸡（单位：元/斤）,辽宁,朝阳,4.30,0.00,2018-01-09
﻿2、今日毛鸡（单位：元/斤）,辽宁,阜新,4.30,0.00,2018-01-09
﻿2、今日毛鸡（单位：元/斤）,辽宁,葫芦岛,4.30,0.00,2018-01-09
﻿2、今日毛鸡（单位：元/斤）,817毛鸡,聊城2.8-3.0斤以上,5.20,0.00,2018-01-09
﻿2、今日毛鸡（单位：元/斤）,817毛鸡,小规格1.7-2.2斤,3.65,-1.05,2018-01-09
﻿2、今日毛鸡（单位：元/斤）,817毛鸡,德州3.0斤以上,4.70,0.00,2018-01-09
﻿2、今日毛鸡（单位：元/斤）,817毛鸡,小规格2.3-2.5斤,4.60,-0.05,2018-01-09
﻿2、今日毛鸡（单位：元/斤）,江苏,宿迁,3.83,0.00,2018-01-09
﻿2、今日毛鸡（单位：元/斤）,吉林,吉林（棚前）,4.10,0.10,2018-01-09
﻿2、今日毛鸡（单位：元/斤）,黑龙江,黑龙江（棚前）,4.10,0.10,2018-01-09
﻿表名,分类,区域,价格,趋势,日期
﻿3、今日山东麻鸡（单位：元/斤）,无,潍坊,6.10,0.00,2018-01-09
﻿3、今日山东麻鸡（单位：元/斤）,无,淄博,6.00,0.00,2018-01-09
﻿3、今日山东麻鸡（单位：元/斤）,无,东营,6.10,0.00,2018-01-09
﻿3、今日山东麻鸡（单位：元/斤）,无,日照,5.90,0.00,2018-01-09
﻿3、今日山东麻鸡（单位：元/斤）,无,枣庄,5.90,0.00,2018-01-09
﻿3、今日山东麻鸡（单位：元/斤）,无,泰安,6.00,0.00,2018-01-09
﻿3、今日山东麻鸡（单位：元/斤）,无,滨州,6.10,0.00,2018-01-09
﻿3、今日山东麻鸡（单位：元/斤）,无,临沂,5.90,0.00,2018-01-09
﻿3、今日山东麻鸡（单位：元/斤）,无,聊城,5.90,-0.20,2018-01-09
﻿3、今日山东麻鸡（单位：元/斤）,无,菏泽,5.90,0.00,2018-01-09
﻿3、今日山东麻鸡（单位：元/斤）,无,济南,6.00,0.00,2018-01-09
﻿3、今日山东麻鸡（单位：元/斤）,无,济宁,5.90,0.00,2018-01-09
﻿表名,分类,厂家,价格,趋势,日期
﻿1.明日鸭苗（单位：元/羽）,无,益客（到户）,1.25,0.20,2018-01-09
﻿1.明日鸭苗（单位：元/羽）,无,新希望六和,1.20,0.20,2018-01-09
﻿1.明日鸭苗（单位：元/羽）,无,和康源（到户）,1.25,0.20,2018-01-09
﻿1.明日鸭苗（单位：元/羽）,无,乐港,1.20,0.20,2018-01-09
﻿1.明日鸭苗（单位：元/羽）,无,强英,1.20,0.20,2018-01-09
﻿1.明日鸭苗（单位：元/羽）,无,徐桂,1.20,0.20,2018-01-09
﻿1.明日鸭苗（单位：元/羽）,无,华英,1.20,0.20,2018-01-09
﻿1.明日鸭苗（单位：元/羽）,无,潍坊大江,1.20,0.20,2018-01-09
﻿1.明日鸭苗（单位：元/羽）,无,内蒙古维尔,1.20,0.20,2018-01-09
﻿1.明日鸭苗（单位：元/羽）,无,塞飞亚,1.20,0.20,2018-01-09
﻿1.明日鸭苗（单位：元/羽）,无,粤桂,1.00,0.20,2018-01-09
﻿1.明日鸭苗（单位：元/羽）,无,桂桂,0.90,0.30,2018-01-09
﻿1.明日鸭苗（单位：元/羽）,无,广西实隆,0.90,0.30,2018-01-09
﻿1.明日鸭苗（单位：元/羽）,无,广西康旺,0.90,0.30,2018-01-09
﻿1.明日鸭苗（单位：元/羽）,无,川桂,1.10,0.20,2018-01-09
﻿1.明日鸭苗（单位：元/羽）,无,绵樱,1.10,0.20,2018-01-09
﻿1.明日鸭苗（单位：元/羽）,无,智诚,1.20,0.20,2018-01-09
﻿1.明日鸭苗（单位：元/羽）,无,金枫樱桃谷,1.20,0.20,2018-01-09
﻿1.明日鸭苗（单位：元/羽）,无,种蛋,1.80,0.00,2018-01-09
﻿表名,分类,区域,价格,趋势,日期
﻿2、今日毛鸭（单位：元/斤）,山东,临沂,3.40,0.00,2018-01-09
﻿2、今日毛鸭（单位：元/斤）,山东,泰安,3.40,0.00,2018-01-09
﻿2、今日毛鸭（单位：元/斤）,山东,淄博（棚前）,3.20,0.02,2018-01-09
﻿2、今日毛鸭（单位：元/斤）,山东,滨州（棚前）,3.20,0.02,2018-01-09
﻿2、今日毛鸭（单位：元/斤）,山东,莱芜,3.40,0.00,2018-01-09
﻿2、今日毛鸭（单位：元/斤）,山东,肥城,3.40,0.00,2018-01-09
﻿2、今日毛鸭（单位：元/斤）,山东,郓城,3.40,0.00,2018-01-09
﻿2、今日毛鸭（单位：元/斤）,山东,枣庄,3.40,0.00,2018-01-09
﻿2、今日毛鸭（单位：元/斤）,山东,潍坊（棚前）,3.20,0.00,2018-01-09
﻿2、今日毛鸭（单位：元/斤）,山东,菏泽,3.25,0.00,2018-01-09
﻿2、今日毛鸭（单位：元/斤）,山东,济宁,3.40,0.00,2018-01-09
﻿2、今日毛鸭（单位：元/斤）,江苏,南京,3.40,0.00,2018-01-09
﻿2、今日毛鸭（单位：元/斤）,江苏,新沂,3.30,0.00,2018-01-09
﻿2、今日毛鸭（单位：元/斤）,江苏,宿迁,3.30,0.00,2018-01-09
﻿2、今日毛鸭（单位：元/斤）,江苏,邳州,3.30,0.00,2018-01-09
﻿2、今日毛鸭（单位：元/斤）,江苏,徐州,3.40,0.00,2018-01-09
﻿2、今日毛鸭（单位：元/斤）,江苏,淮安,3.40,0.00,2018-01-09
﻿2、今日毛鸭（单位：元/斤）,江苏,常州,3.40,0.00,2018-01-09
﻿2、今日毛鸭（单位：元/斤）,江苏,泰州,3.40,0.00,2018-01-09
﻿2、今日毛鸭（单位：元/斤）,河南,郑州,3.35,0.00,2018-01-09
﻿2、今日毛鸭（单位：元/斤）,河南,南阳,3.35,0.00,2018-01-09
﻿2、今日毛鸭（单位：元/斤）,河南,焦作,3.35,0.00,2018-01-09
﻿2、今日毛鸭（单位：元/斤）,河南,安阳,3.35,0.00,2018-01-09
﻿2、今日毛鸭（单位：元/斤）,河北,石家庄,3.45,0.00,2018-01-09
﻿2、今日毛鸭（单位：元/斤）,河北,保定,3.45,0.00,2018-01-09
﻿2、今日毛鸭（单位：元/斤）,河北,邢台,3.30,0.00,2018-01-09
﻿2、今日毛鸭（单位：元/斤）,空,沧州（肥型棚前）,3.80,0.00,2018-01-09
﻿2、今日毛鸭（单位：元/斤）,空,沧州（四系）,4.30,0.00,2018-01-09
﻿2、今日毛鸭（单位：元/斤）,安徽,合肥,3.40,0.00,2018-01-09
﻿2、今日毛鸭（单位：元/斤）,安徽,蚌埠,3.40,0.00,2018-01-09
﻿2、今日毛鸭（单位：元/斤）,安徽,宣城,3.45,0.00,2018-01-09
﻿2、今日毛鸭（单位：元/斤）,安徽,砀山,3.45,0.00,2018-01-09
﻿2、今日毛鸭（单位：元/斤）,湖北,武汉,3.70,0.00,2018-01-09
﻿2、今日毛鸭（单位：元/斤）,湖北,黄石,3.60,0.00,2018-01-09
﻿2、今日毛鸭（单位：元/斤）,湖北,荆门,3.60,0.00,2018-01-09
﻿2、今日毛鸭（单位：元/斤）,江西,南昌,4.90,0.00,2018-01-09
﻿2、今日毛鸭（单位：元/斤）,江西,丰城,4.90,0.00,2018-01-09
﻿2、今日毛鸭（单位：元/斤）,江西,吉安,5.00,0.00,2018-01-09
﻿2、今日毛鸭（单位：元/斤）,四川,成都,4.10,0.00,2018-01-09
﻿2、今日毛鸭（单位：元/斤）,四川,乐山,4.00,0.00,2018-01-09
﻿2、今日毛鸭（单位：元/斤）,四川,眉山,4.00,0.00,2018-01-09
﻿2、今日毛鸭（单位：元/斤）,四川,攀枝花,3.90,0.00,2018-01-09
﻿2、今日毛鸭（单位：元/斤）,广西,南宁旱鸭,5.00,0.00,2018-01-09
﻿2、今日毛鸭（单位：元/斤）,广西,南宁水鸭,5.30,0.00,2018-01-09
﻿2、今日毛鸭（单位：元/斤）,广西,柳州旱鸭,5.00,0.00,2018-01-09
﻿2、今日毛鸭（单位：元/斤）,广西,钦州水鸭,5.30,0.00,2018-01-09
﻿2、今日毛鸭（单位：元/斤）,广西,钦州旱鸭,5.00,0.00,2018-01-09
﻿2、今日毛鸭（单位：元/斤）,广西,桂林旱鸭,4.90,0.00,2018-01-09
﻿2、今日毛鸭（单位：元/斤）,广东,佛山,5.20,0.00,2018-01-09
﻿2、今日毛鸭（单位：元/斤）,广东,惠州,5.20,0.00,2018-01-09
﻿2、今日毛鸭（单位：元/斤）,广东,肇庆,5.20,0.00,2018-01-09
﻿2、今日毛鸭（单位：元/斤）,重庆,重庆,4.20,0.00,2018-01-09
﻿表名,分类,区域,价格,趋势,日期
﻿1、明日鸡苗（单位：元/羽）,鸡苗,山东大厂,停孵,0.00,2018-01-08
﻿1、明日鸡苗（单位：元/羽）,鸡苗,山东中小厂,停孵,0.00,2018-01-08
﻿1、明日鸡苗（单位：元/羽）,鸡苗,河北,停孵,0.00,2018-01-08
﻿1、明日鸡苗（单位：元/羽）,鸡苗,河南,停孵,0.00,2018-01-08
﻿1、明日鸡苗（单位：元/羽）,鸡苗,山西,停孵,0.00,2018-01-08
﻿1、明日鸡苗（单位：元/羽）,鸡苗,江苏,停孵,0.00,2018-01-08
﻿1、明日鸡苗（单位：元/羽）,鸡苗,安徽,停孵,0.00,2018-01-08
﻿1、明日鸡苗（单位：元/羽）,鸡苗,吉林,停孵,0.00,2018-01-08
﻿1、明日鸡苗（单位：元/羽）,鸡苗,黑龙江,停孵,0.00,2018-01-08
﻿1、明日鸡苗（单位：元/羽）,鸡苗,辽宁,停孵,0.00,2018-01-08
﻿1、明日鸡苗（单位：元/羽）,鸡苗,内蒙古,停孵,0.00,2018-01-08
﻿1、明日鸡苗（单位：元/羽）,种蛋,河北,1.65-1.75,0.10,2018-01-08
﻿1、明日鸡苗（单位：元/羽）,种蛋,河南,1.75-1.85,0.10,2018-01-08
﻿1、明日鸡苗（单位：元/羽）,种蛋,宁夏,1.75-1.85,0.10,2018-01-08
﻿1、明日鸡苗（单位：元/羽）,种蛋,兰州,1.75-1.85,0.10,2018-01-08
﻿1、明日鸡苗（单位：元/羽）,种蛋,辽宁,1.65-1.75,0.10,2018-01-08
﻿1、明日鸡苗（单位：元/羽）,种蛋,黑龙江,1.70-1.80,0.10,2018-01-08
﻿1、明日鸡苗（单位：元/羽）,种蛋,吉林,1.70-1.80,0.10,2018-01-08
﻿1、明日鸡苗（单位：元/羽）,817鸡苗,山东德州,停孵,0.00,2018-01-08
﻿1、明日鸡苗（单位：元/羽）,817鸡苗,山东聊城,停孵,0.00,2018-01-08
﻿表名,分类,区域,价格,趋势,日期
﻿2、今日毛鸡（单位：元/斤）,山东,沂南,4.00,0.10,2018-01-08
﻿2、今日毛鸡（单位：元/斤）,山东,潍坊,4.00,0.10,2018-01-08
﻿2、今日毛鸡（单位：元/斤）,山东,青岛,4.00,0.10,2018-01-08
﻿2、今日毛鸡（单位：元/斤）,山东,烟台,4.00,0.08,2018-01-08
﻿2、今日毛鸡（单位：元/斤）,山东,东营,4.00,0.07,2018-01-08
﻿2、今日毛鸡（单位：元/斤）,山东,日照,4.00,0.07,2018-01-08
﻿2、今日毛鸡（单位：元/斤）,山东,枣庄,3.95,0.05,2018-01-08
﻿2、今日毛鸡（单位：元/斤）,山东,泰安,3.95,0.05,2018-01-08
﻿2、今日毛鸡（单位：元/斤）,山东,菏泽（活禽）,4.10,0.10,2018-01-08
﻿2、今日毛鸡（单位：元/斤）,山东,滨州,4.00,0.10,2018-01-08
﻿2、今日毛鸡（单位：元/斤）,山东,博兴,4.00,0.10,2018-01-08
﻿2、今日毛鸡（单位：元/斤）,山东,德州,4.00,0.10,2018-01-08
﻿2、今日毛鸡（单位：元/斤）,山东,临沂,4.00,0.10,2018-01-08
﻿2、今日毛鸡（单位：元/斤）,河北,廊坊,3.95,0.10,2018-01-08
﻿2、今日毛鸡（单位：元/斤）,河北,保定,4.00,0.10,2018-01-08
﻿2、今日毛鸡（单位：元/斤）,河北,石家庄,4.05,0.11,2018-01-08
﻿2、今日毛鸡（单位：元/斤）,河北,唐山,4.00,0.10,2018-01-08
﻿2、今日毛鸡（单位：元/斤）,河南,安阳,4.00,0.08,2018-01-08
﻿2、今日毛鸡（单位：元/斤）,河南,新乡,4.00,0.08,2018-01-08
﻿2、今日毛鸡（单位：元/斤）,河南,濮阳,4.00,0.08,2018-01-08
﻿2、今日毛鸡（单位：元/斤）,河南,周口（活禽）,4.30,-0.05,2018-01-08
﻿2、今日毛鸡（单位：元/斤）,河南,商丘（活禽）,4.30,-0.05,2018-01-08
﻿2、今日毛鸡（单位：元/斤）,河南,开封（活禽）,4.30,-0.05,2018-01-08
﻿2、今日毛鸡（单位：元/斤）,辽宁,沈阳,4.30,0.10,2018-01-08
﻿2、今日毛鸡（单位：元/斤）,辽宁,大连,4.25,0.10,2018-01-08
﻿2、今日毛鸡（单位：元/斤）,辽宁,鞍山,4.25,0.10,2018-01-08
﻿2、今日毛鸡（单位：元/斤）,辽宁,营口,4.25,0.10,2018-01-08
﻿2、今日毛鸡（单位：元/斤）,辽宁,盘锦,4.25,0.10,2018-01-08
﻿2、今日毛鸡（单位：元/斤）,辽宁,辽阳,4.25,0.10,2018-01-08
﻿2、今日毛鸡（单位：元/斤）,辽宁,本溪,4.30,0.10,2018-01-08
﻿2、今日毛鸡（单位：元/斤）,辽宁,铁岭,4.30,0.10,2018-01-08
﻿2、今日毛鸡（单位：元/斤）,辽宁,抚顺,4.30,0.10,2018-01-08
﻿2、今日毛鸡（单位：元/斤）,辽宁,丹东,4.30,0.10,2018-01-08
﻿2、今日毛鸡（单位：元/斤）,辽宁,锦州,4.30,0.10,2018-01-08
﻿2、今日毛鸡（单位：元/斤）,辽宁,朝阳,4.30,0.10,2018-01-08
﻿2、今日毛鸡（单位：元/斤）,辽宁,阜新,4.30,0.10,2018-01-08
﻿2、今日毛鸡（单位：元/斤）,辽宁,葫芦岛,4.30,0.10,2018-01-08
﻿2、今日毛鸡（单位：元/斤）,817毛鸡,聊城2.8-3.0斤以上,5.20,-0.10,2018-01-08
﻿2、今日毛鸡（单位：元/斤）,817毛鸡,小规格1.7-2.2斤,4.70,-0.05,2018-01-08
﻿2、今日毛鸡（单位：元/斤）,817毛鸡,德州3.0斤以上,4.70,-0.05,2018-01-08
﻿2、今日毛鸡（单位：元/斤）,817毛鸡,小规格2.3-2.5斤,4.65,-0.05,2018-01-08
﻿2、今日毛鸡（单位：元/斤）,江苏,宿迁,3.83,0.12,2018-01-08
﻿2、今日毛鸡（单位：元/斤）,吉林,吉林（棚前）,4.00,0.05,2018-01-08
﻿2、今日毛鸡（单位：元/斤）,黑龙江,黑龙江（棚前）,4.00,0.05,2018-01-08
﻿表名,分类,区域,价格,趋势,日期
﻿3、今日山东麻鸡（单位：元/斤）,无,潍坊,6.10,0.00,2018-01-08
﻿3、今日山东麻鸡（单位：元/斤）,无,淄博,6.00,0.00,2018-01-08
﻿3、今日山东麻鸡（单位：元/斤）,无,东营,6.10,0.00,2018-01-08
﻿3、今日山东麻鸡（单位：元/斤）,无,日照,5.90,0.00,2018-01-08
﻿3、今日山东麻鸡（单位：元/斤）,无,枣庄,5.90,0.00,2018-01-08
﻿3、今日山东麻鸡（单位：元/斤）,无,泰安,6.00,0.00,2018-01-08
﻿3、今日山东麻鸡（单位：元/斤）,无,滨州,6.10,0.00,2018-01-08
﻿3、今日山东麻鸡（单位：元/斤）,无,临沂,5.90,0.00,2018-01-08
﻿3、今日山东麻鸡（单位：元/斤）,无,聊城,6.10,0.00,2018-01-08
﻿3、今日山东麻鸡（单位：元/斤）,无,菏泽,5.90,0.00,2018-01-08
﻿3、今日山东麻鸡（单位：元/斤）,无,济南,6.00,0.00,2018-01-08
﻿3、今日山东麻鸡（单位：元/斤）,无,济宁,5.90,0.00,2018-01-08
﻿表名,分类,厂家,价格,趋势,日期
﻿1.明日鸭苗（单位：元/羽）,无,益客（到户）,1.05,0.20,2018-01-08
﻿1.明日鸭苗（单位：元/羽）,无,新希望六和,1.00,0.20,2018-01-08
﻿1.明日鸭苗（单位：元/羽）,无,和康源（到户）,1.05,0.20,2018-01-08
﻿1.明日鸭苗（单位：元/羽）,无,乐港,1.00,0.20,2018-01-08
﻿1.明日鸭苗（单位：元/羽）,无,强英,1.00,0.20,2018-01-08
﻿1.明日鸭苗（单位：元/羽）,无,徐桂,1.00,0.20,2018-01-08
﻿1.明日鸭苗（单位：元/羽）,无,华英,1.00,0.20,2018-01-08
﻿1.明日鸭苗（单位：元/羽）,无,潍坊大江,1.00,0.20,2018-01-08
﻿1.明日鸭苗（单位：元/羽）,无,内蒙古维尔,1.00,0.20,2018-01-08
﻿1.明日鸭苗（单位：元/羽）,无,塞飞亚,1.00,0.20,2018-01-08
﻿1.明日鸭苗（单位：元/羽）,无,粤桂,0.80,0.00,2018-01-08
﻿1.明日鸭苗（单位：元/羽）,无,桂桂,0.60,0.00,2018-01-08
﻿1.明日鸭苗（单位：元/羽）,无,广西实隆,0.60,0.00,2018-01-08
﻿1.明日鸭苗（单位：元/羽）,无,广西康旺,0.60,0.00,2018-01-08
﻿1.明日鸭苗（单位：元/羽）,无,川桂,0.80,未更新,2018-01-08
﻿1.明日鸭苗（单位：元/羽）,无,绵樱,0.80,未更新,2018-01-08
﻿1.明日鸭苗（单位：元/羽）,无,智诚,1.00,0.20,2018-01-08
﻿1.明日鸭苗（单位：元/羽）,无,金枫樱桃谷,1.00,0.20,2018-01-08
﻿1.明日鸭苗（单位：元/羽）,无,种蛋,1.80,0.00,2018-01-08
﻿表名,分类,区域,价格,趋势,日期
﻿2、今日毛鸭（单位：元/斤）,山东,临沂,3.40,0.00,2018-01-08
﻿2、今日毛鸭（单位：元/斤）,山东,泰安,3.40,0.00,2018-01-08
﻿2、今日毛鸭（单位：元/斤）,山东,淄博（棚前）,3.18,0.03,2018-01-08
﻿2、今日毛鸭（单位：元/斤）,山东,滨州（棚前）,3.18,0.03,2018-01-08
﻿2、今日毛鸭（单位：元/斤）,山东,莱芜,3.40,0.00,2018-01-08
﻿2、今日毛鸭（单位：元/斤）,山东,肥城,3.40,0.00,2018-01-08
﻿2、今日毛鸭（单位：元/斤）,山东,郓城,3.40,0.00,2018-01-08
﻿2、今日毛鸭（单位：元/斤）,山东,枣庄,3.40,0.00,2018-01-08
﻿2、今日毛鸭（单位：元/斤）,山东,潍坊（棚前）,3.20,0.04,2018-01-08
﻿2、今日毛鸭（单位：元/斤）,山东,菏泽,3.25,0.00,2018-01-08
﻿2、今日毛鸭（单位：元/斤）,山东,济宁,3.40,0.00,2018-01-08
﻿2、今日毛鸭（单位：元/斤）,江苏,南京,3.40,0.00,2018-01-08
﻿2、今日毛鸭（单位：元/斤）,江苏,新沂,3.30,0.00,2018-01-08
﻿2、今日毛鸭（单位：元/斤）,江苏,宿迁,3.30,0.00,2018-01-08
﻿2、今日毛鸭（单位：元/斤）,江苏,邳州,3.30,0.00,2018-01-08
﻿2、今日毛鸭（单位：元/斤）,江苏,徐州,3.40,0.00,2018-01-08
﻿2、今日毛鸭（单位：元/斤）,江苏,淮安,3.40,0.00,2018-01-08
﻿2、今日毛鸭（单位：元/斤）,江苏,常州,3.40,0.00,2018-01-08
﻿2、今日毛鸭（单位：元/斤）,江苏,泰州,3.40,0.00,2018-01-08
﻿2、今日毛鸭（单位：元/斤）,河南,郑州,3.35,-0.05,2018-01-08
﻿2、今日毛鸭（单位：元/斤）,河南,南阳,3.35,-0.05,2018-01-08
﻿2、今日毛鸭（单位：元/斤）,河南,焦作,3.35,-0.05,2018-01-08
﻿2、今日毛鸭（单位：元/斤）,河南,安阳,3.35,-0.05,2018-01-08
﻿2、今日毛鸭（单位：元/斤）,河北,石家庄,3.45,0.00,2018-01-08
﻿2、今日毛鸭（单位：元/斤）,河北,保定,3.45,0.00,2018-01-08
﻿2、今日毛鸭（单位：元/斤）,河北,邢台,3.30,-0.10,2018-01-08
﻿2、今日毛鸭（单位：元/斤）,空,沧州（肥型棚前）,3.80,0.00,2018-01-08
﻿2、今日毛鸭（单位：元/斤）,空,沧州（四系）,4.30,0.00,2018-01-08
﻿2、今日毛鸭（单位：元/斤）,安徽,合肥,3.40,0.00,2018-01-08
﻿2、今日毛鸭（单位：元/斤）,安徽,蚌埠,3.40,0.00,2018-01-08
﻿2、今日毛鸭（单位：元/斤）,安徽,宣城,3.45,0.00,2018-01-08
﻿2、今日毛鸭（单位：元/斤）,安徽,砀山,3.45,0.00,2018-01-08
﻿2、今日毛鸭（单位：元/斤）,湖北,武汉,3.70,0.00,2018-01-08
﻿2、今日毛鸭（单位：元/斤）,湖北,黄石,3.60,0.00,2018-01-08
﻿2、今日毛鸭（单位：元/斤）,湖北,荆门,3.60,0.00,2018-01-08
﻿2、今日毛鸭（单位：元/斤）,江西,南昌,4.90,0.00,2018-01-08
﻿2、今日毛鸭（单位：元/斤）,江西,丰城,4.90,0.00,2018-01-08
﻿2、今日毛鸭（单位：元/斤）,江西,吉安,5.00,0.00,2018-01-08
﻿2、今日毛鸭（单位：元/斤）,四川,成都,4.10,0.10,2018-01-08
﻿2、今日毛鸭（单位：元/斤）,四川,乐山,4.00,0.20,2018-01-08
﻿2、今日毛鸭（单位：元/斤）,四川,眉山,4.00,0.10,2018-01-08
﻿2、今日毛鸭（单位：元/斤）,四川,攀枝花,3.90,0.10,2018-01-08
﻿2、今日毛鸭（单位：元/斤）,广西,南宁旱鸭,5.00,0.00,2018-01-08
﻿2、今日毛鸭（单位：元/斤）,广西,南宁水鸭,5.30,0.00,2018-01-08
﻿2、今日毛鸭（单位：元/斤）,广西,柳州旱鸭,5.00,0.00,2018-01-08
﻿2、今日毛鸭（单位：元/斤）,广西,钦州水鸭,5.30,0.00,2018-01-08
﻿2、今日毛鸭（单位：元/斤）,广西,钦州旱鸭,5.00,0.00,2018-01-08
﻿2、今日毛鸭（单位：元/斤）,广西,桂林旱鸭,4.90,0.00,2018-01-08
﻿2、今日毛鸭（单位：元/斤）,广东,佛山,5.20,0.40,2018-01-08
﻿2、今日毛鸭（单位：元/斤）,广东,惠州,5.20,0.40,2018-01-08
﻿2、今日毛鸭（单位：元/斤）,广东,肇庆,5.20,0.40,2018-01-08
﻿2、今日毛鸭（单位：元/斤）,重庆,重庆,4.20,0.00,2018-01-08
﻿表名,分类,区域,价格,趋势,日期
﻿1、明日鸡苗（单位：元/羽）,鸡苗,山东大厂,停孵,0.00,2018-01-07
﻿1、明日鸡苗（单位：元/羽）,鸡苗,山东中小厂,停孵,0.00,2018-01-07
﻿1、明日鸡苗（单位：元/羽）,鸡苗,河北,停孵,0.00,2018-01-07
﻿1、明日鸡苗（单位：元/羽）,鸡苗,河南,停孵,0.00,2018-01-07
﻿1、明日鸡苗（单位：元/羽）,鸡苗,山西,停孵,0.00,2018-01-07
﻿1、明日鸡苗（单位：元/羽）,鸡苗,江苏,停孵,0.00,2018-01-07
﻿1、明日鸡苗（单位：元/羽）,鸡苗,安徽,停孵,0.00,2018-01-07
﻿1、明日鸡苗（单位：元/羽）,鸡苗,吉林,停孵,0.00,2018-01-07
﻿1、明日鸡苗（单位：元/羽）,鸡苗,黑龙江,停孵,0.00,2018-01-07
﻿1、明日鸡苗（单位：元/羽）,鸡苗,辽宁,停孵,0.00,2018-01-07
﻿1、明日鸡苗（单位：元/羽）,鸡苗,内蒙古,停孵,0.00,2018-01-07
﻿1、明日鸡苗（单位：元/羽）,种蛋,河北,1.65-1.75,0.15,2018-01-07
﻿1、明日鸡苗（单位：元/羽）,种蛋,河南,1.65-1.75,0.15,2018-01-07
﻿1、明日鸡苗（单位：元/羽）,种蛋,宁夏,1.65-1.75,0.15,2018-01-07
﻿1、明日鸡苗（单位：元/羽）,种蛋,兰州,1.65-1.75,0.15,2018-01-07
﻿1、明日鸡苗（单位：元/羽）,种蛋,辽宁,1.55-1.65,0.15,2018-01-07
﻿1、明日鸡苗（单位：元/羽）,种蛋,黑龙江,1.60-1.70,0.15,2018-01-07
﻿1、明日鸡苗（单位：元/羽）,种蛋,吉林,1.60-1.70,0.15,2018-01-07
﻿1、明日鸡苗（单位：元/羽）,817鸡苗,山东德州,停孵,0.00,2018-01-07
﻿1、明日鸡苗（单位：元/羽）,817鸡苗,山东聊城,停孵,0.00,2018-01-07
﻿表名,分类,区域,价格,趋势,日期
﻿2、今日毛鸡（单位：元/斤）,山东,沂南,3.90,0.05,2018-01-07
﻿2、今日毛鸡（单位：元/斤）,山东,潍坊,3.90,0.05,2018-01-07
﻿2、今日毛鸡（单位：元/斤）,山东,青岛,3.90,0.05,2018-01-07
﻿2、今日毛鸡（单位：元/斤）,山东,烟台,3.92,0.05,2018-01-07
﻿2、今日毛鸡（单位：元/斤）,山东,东营,3.93,0.07,2018-01-07
﻿2、今日毛鸡（单位：元/斤）,山东,日照,3.93,0.07,2018-01-07
﻿2、今日毛鸡（单位：元/斤）,山东,枣庄,3.90,0.06,2018-01-07
﻿2、今日毛鸡（单位：元/斤）,山东,泰安,3.90,0.05,2018-01-07
﻿2、今日毛鸡（单位：元/斤）,山东,菏泽（活禽）,4.00,0.00,2018-01-07
﻿2、今日毛鸡（单位：元/斤）,山东,滨州,3.90,0.05,2018-01-07
﻿2、今日毛鸡（单位：元/斤）,山东,博兴,3.90,0.05,2018-01-07
﻿2、今日毛鸡（单位：元/斤）,山东,德州,3.90,0.05,2018-01-07
﻿2、今日毛鸡（单位：元/斤）,山东,临沂,3.90,0.05,2018-01-07
﻿2、今日毛鸡（单位：元/斤）,河北,廊坊,3.85,0.05,2018-01-07
﻿2、今日毛鸡（单位：元/斤）,河北,保定,3.90,0.05,2018-01-07
﻿2、今日毛鸡（单位：元/斤）,河北,石家庄,3.94,0.00,2018-01-07
﻿2、今日毛鸡（单位：元/斤）,河北,唐山,3.90,0.05,2018-01-07
﻿2、今日毛鸡（单位：元/斤）,河南,安阳,3.92,0.05,2018-01-07
﻿2、今日毛鸡（单位：元/斤）,河南,新乡,3.92,0.05,2018-01-07
﻿2、今日毛鸡（单位：元/斤）,河南,濮阳,3.92,0.05,2018-01-07
﻿2、今日毛鸡（单位：元/斤）,河南,周口（活禽）,4.35,0.00,2018-01-07
﻿2、今日毛鸡（单位：元/斤）,河南,商丘（活禽）,4.35,0.00,2018-01-07
﻿2、今日毛鸡（单位：元/斤）,河南,开封（活禽）,4.35,0.00,2018-01-07
﻿2、今日毛鸡（单位：元/斤）,辽宁,沈阳,4.20,0.05,2018-01-07
﻿2、今日毛鸡（单位：元/斤）,辽宁,大连,4.15,0.05,2018-01-07
﻿2、今日毛鸡（单位：元/斤）,辽宁,鞍山,4.15,0.05,2018-01-07
﻿2、今日毛鸡（单位：元/斤）,辽宁,营口,4.15,0.05,2018-01-07
﻿2、今日毛鸡（单位：元/斤）,辽宁,盘锦,4.15,0.05,2018-01-07
﻿2、今日毛鸡（单位：元/斤）,辽宁,辽阳,4.15,0.05,2018-01-07
﻿2、今日毛鸡（单位：元/斤）,辽宁,本溪,4.20,0.05,2018-01-07
﻿2、今日毛鸡（单位：元/斤）,辽宁,铁岭,4.20,0.05,2018-01-07
﻿2、今日毛鸡（单位：元/斤）,辽宁,抚顺,4.20,0.05,2018-01-07
﻿2、今日毛鸡（单位：元/斤）,辽宁,丹东,4.20,0.05,2018-01-07
﻿2、今日毛鸡（单位：元/斤）,辽宁,锦州,4.20,0.05,2018-01-07
﻿2、今日毛鸡（单位：元/斤）,辽宁,朝阳,4.20,0.05,2018-01-07
﻿2、今日毛鸡（单位：元/斤）,辽宁,阜新,4.20,0.05,2018-01-07
﻿2、今日毛鸡（单位：元/斤）,辽宁,葫芦岛,4.20,0.05,2018-01-07
﻿2、今日毛鸡（单位：元/斤）,817毛鸡,聊城2.8-3.0斤以上,5.30,0.05,2018-01-07
﻿2、今日毛鸡（单位：元/斤）,817毛鸡,小规格1.7-2.2斤,4.75,0.00,2018-01-07
﻿2、今日毛鸡（单位：元/斤）,817毛鸡,德州3.0斤以上,4.75,0.00,2018-01-07
﻿2、今日毛鸡（单位：元/斤）,817毛鸡,小规格2.3-2.5斤,4.70,0.00,2018-01-07
﻿2、今日毛鸡（单位：元/斤）,江苏,宿迁,3.71,0.00,2018-01-07
﻿2、今日毛鸡（单位：元/斤）,吉林,吉林（棚前）,3.95,0.10,2018-01-07
﻿2、今日毛鸡（单位：元/斤）,黑龙江,黑龙江（棚前）,3.95,0.10,2018-01-07
﻿表名,分类,区域,价格,趋势,日期
﻿3、今日山东麻鸡（单位：元/斤）,无,潍坊,6.10,0.10,2018-01-07
﻿3、今日山东麻鸡（单位：元/斤）,无,淄博,6.00,0.00,2018-01-07
﻿3、今日山东麻鸡（单位：元/斤）,无,东营,6.10,0.10,2018-01-07
﻿3、今日山东麻鸡（单位：元/斤）,无,日照,5.90,0.00,2018-01-07
﻿3、今日山东麻鸡（单位：元/斤）,无,枣庄,5.90,0.00,2018-01-07
﻿3、今日山东麻鸡（单位：元/斤）,无,泰安,6.00,0.00,2018-01-07
﻿3、今日山东麻鸡（单位：元/斤）,无,滨州,6.10,0.10,2018-01-07
﻿3、今日山东麻鸡（单位：元/斤）,无,临沂,5.90,0.00,2018-01-07
﻿3、今日山东麻鸡（单位：元/斤）,无,聊城,6.10,0.10,2018-01-07
﻿3、今日山东麻鸡（单位：元/斤）,无,菏泽,5.90,0.00,2018-01-07
﻿3、今日山东麻鸡（单位：元/斤）,无,济南,6.00,0.00,2018-01-07
﻿3、今日山东麻鸡（单位：元/斤）,无,济宁,5.90,0.00,2018-01-07
﻿表名,分类,厂家,价格,趋势,日期
﻿1.明日鸭苗（单位：元/羽）,无,益客（到户）,0.85,0.20,2018-01-07
﻿1.明日鸭苗（单位：元/羽）,无,新希望六和,0.80,0.20,2018-01-07
﻿1.明日鸭苗（单位：元/羽）,无,和康源（到户）,0.85,0.20,2018-01-07
﻿1.明日鸭苗（单位：元/羽）,无,乐港,0.80,0.20,2018-01-07
﻿1.明日鸭苗（单位：元/羽）,无,强英,0.80,0.20,2018-01-07
﻿1.明日鸭苗（单位：元/羽）,无,徐桂,0.80,0.20,2018-01-07
﻿1.明日鸭苗（单位：元/羽）,无,华英,0.80,0.20,2018-01-07
﻿1.明日鸭苗（单位：元/羽）,无,潍坊大江,0.80,0.20,2018-01-07
﻿1.明日鸭苗（单位：元/羽）,无,内蒙古维尔,0.80,0.20,2018-01-07
﻿1.明日鸭苗（单位：元/羽）,无,塞飞亚,0.80,0.20,2018-01-07
﻿1.明日鸭苗（单位：元/羽）,无,粤桂,0.80,0.20,2018-01-07
﻿1.明日鸭苗（单位：元/羽）,无,桂桂,0.60,-0.20,2018-01-07
﻿1.明日鸭苗（单位：元/羽）,无,广西实隆,0.60,-0.20,2018-01-07
﻿1.明日鸭苗（单位：元/羽）,无,广西康旺,0.60,-0.20,2018-01-07
﻿1.明日鸭苗（单位：元/羽）,无,川桂,0.80,0.00,2018-01-07
﻿1.明日鸭苗（单位：元/羽）,无,绵樱,0.80,0.00,2018-01-07
﻿1.明日鸭苗（单位：元/羽）,无,智诚,0.80,0.20,2018-01-07
﻿1.明日鸭苗（单位：元/羽）,无,金枫樱桃谷,0.80,0.20,2018-01-07
﻿1.明日鸭苗（单位：元/羽）,无,种蛋,1.80,0.05,2018-01-07
﻿表名,分类,区域,价格,趋势,日期
﻿2、今日毛鸭（单位：元/斤）,山东,临沂,3.40,0.00,2018-01-07
﻿2、今日毛鸭（单位：元/斤）,山东,泰安,3.40,0.00,2018-01-07
﻿2、今日毛鸭（单位：元/斤）,山东,淄博（棚前）,3.15,0.00,2018-01-07
﻿2、今日毛鸭（单位：元/斤）,山东,滨州（棚前）,3.15,0.00,2018-01-07
﻿2、今日毛鸭（单位：元/斤）,山东,莱芜,3.40,0.00,2018-01-07
﻿2、今日毛鸭（单位：元/斤）,山东,肥城,3.40,0.00,2018-01-07
﻿2、今日毛鸭（单位：元/斤）,山东,郓城,3.40,0.00,2018-01-07
﻿2、今日毛鸭（单位：元/斤）,山东,枣庄,3.40,0.00,2018-01-07
﻿2、今日毛鸭（单位：元/斤）,山东,潍坊（棚前）,3.17,0.01,2018-01-07
﻿2、今日毛鸭（单位：元/斤）,山东,菏泽,3.25,0.00,2018-01-07
﻿2、今日毛鸭（单位：元/斤）,山东,济宁,3.40,0.00,2018-01-07
﻿2、今日毛鸭（单位：元/斤）,江苏,南京,3.40,0.00,2018-01-07
﻿2、今日毛鸭（单位：元/斤）,江苏,新沂,3.30,0.00,2018-01-07
﻿2、今日毛鸭（单位：元/斤）,江苏,宿迁,3.30,0.00,2018-01-07
﻿2、今日毛鸭（单位：元/斤）,江苏,邳州,3.30,0.00,2018-01-07
﻿2、今日毛鸭（单位：元/斤）,江苏,徐州,3.40,0.00,2018-01-07
﻿2、今日毛鸭（单位：元/斤）,江苏,淮安,3.40,0.00,2018-01-07
﻿2、今日毛鸭（单位：元/斤）,江苏,常州,3.40,0.00,2018-01-07
﻿2、今日毛鸭（单位：元/斤）,江苏,泰州,3.40,0.00,2018-01-07
﻿2、今日毛鸭（单位：元/斤）,河南,郑州,3.40,0.00,2018-01-07
﻿2、今日毛鸭（单位：元/斤）,河南,南阳,3.40,0.00,2018-01-07
﻿2、今日毛鸭（单位：元/斤）,河南,焦作,3.40,0.00,2018-01-07
﻿2、今日毛鸭（单位：元/斤）,河南,安阳,3.40,0.00,2018-01-07
﻿2、今日毛鸭（单位：元/斤）,河北,石家庄,3.45,0.00,2018-01-07
﻿2、今日毛鸭（单位：元/斤）,河北,保定,3.45,0.00,2018-01-07
﻿2、今日毛鸭（单位：元/斤）,河北,邢台,3.40,0.00,2018-01-07
﻿2、今日毛鸭（单位：元/斤）,空,沧州（肥型棚前）,3.80,0.00,2018-01-07
﻿2、今日毛鸭（单位：元/斤）,空,沧州（四系）,4.30,0.00,2018-01-07
﻿2、今日毛鸭（单位：元/斤）,安徽,合肥,3.40,0.00,2018-01-07
﻿2、今日毛鸭（单位：元/斤）,安徽,蚌埠,3.40,0.00,2018-01-07
﻿2、今日毛鸭（单位：元/斤）,安徽,宣城,3.45,0.00,2018-01-07
﻿2、今日毛鸭（单位：元/斤）,安徽,砀山,3.45,0.00,2018-01-07
﻿2、今日毛鸭（单位：元/斤）,湖北,武汉,3.70,0.00,2018-01-07
﻿2、今日毛鸭（单位：元/斤）,湖北,黄石,3.60,0.00,2018-01-07
﻿2、今日毛鸭（单位：元/斤）,湖北,荆门,3.60,0.00,2018-01-07
﻿2、今日毛鸭（单位：元/斤）,江西,南昌,4.90,0.00,2018-01-07
﻿2、今日毛鸭（单位：元/斤）,江西,丰城,4.90,0.00,2018-01-07
﻿2、今日毛鸭（单位：元/斤）,江西,吉安,5.00,0.00,2018-01-07
﻿2、今日毛鸭（单位：元/斤）,四川,成都,4.00,0.00,2018-01-07
﻿2、今日毛鸭（单位：元/斤）,四川,乐山,3.80,0.00,2018-01-07
﻿2、今日毛鸭（单位：元/斤）,四川,眉山,3.90,0.00,2018-01-07
﻿2、今日毛鸭（单位：元/斤）,四川,攀枝花,3.80,0.00,2018-01-07
﻿2、今日毛鸭（单位：元/斤）,广西,南宁旱鸭,5.00,0.00,2018-01-07
﻿2、今日毛鸭（单位：元/斤）,广西,南宁水鸭,5.30,0.00,2018-01-07
﻿2、今日毛鸭（单位：元/斤）,广西,柳州旱鸭,5.00,0.00,2018-01-07
﻿2、今日毛鸭（单位：元/斤）,广西,钦州水鸭,5.30,0.00,2018-01-07
﻿2、今日毛鸭（单位：元/斤）,广西,钦州旱鸭,5.00,0.00,2018-01-07
﻿2、今日毛鸭（单位：元/斤）,广西,桂林旱鸭,4.90,0.00,2018-01-07
﻿2、今日毛鸭（单位：元/斤）,广东,佛山,4.80,0.10,2018-01-07
﻿2、今日毛鸭（单位：元/斤）,广东,惠州,4.80,0.10,2018-01-07
﻿2、今日毛鸭（单位：元/斤）,广东,肇庆,4.80,0.10,2018-01-07
﻿2、今日毛鸭（单位：元/斤）,重庆,重庆,4.20,0.00,2018-01-07
﻿表名,分类,区域,价格,趋势,日期
﻿1、明日鸡苗（单位：元/羽）,鸡苗,山东大厂,停孵,0.00,2018-01-06
﻿1、明日鸡苗（单位：元/羽）,鸡苗,山东中小厂,停孵,0.00,2018-01-06
﻿1、明日鸡苗（单位：元/羽）,鸡苗,河北,停孵,0.00,2018-01-06
﻿1、明日鸡苗（单位：元/羽）,鸡苗,河南,停孵,0.00,2018-01-06
﻿1、明日鸡苗（单位：元/羽）,鸡苗,山西,停孵,0.00,2018-01-06
﻿1、明日鸡苗（单位：元/羽）,鸡苗,江苏,停孵,0.00,2018-01-06
﻿1、明日鸡苗（单位：元/羽）,鸡苗,安徽,停孵,0.00,2018-01-06
﻿1、明日鸡苗（单位：元/羽）,鸡苗,吉林,停孵,0.00,2018-01-06
﻿1、明日鸡苗（单位：元/羽）,鸡苗,黑龙江,停孵,0.00,2018-01-06
﻿1、明日鸡苗（单位：元/羽）,鸡苗,辽宁,停孵,0.00,2018-01-06
﻿1、明日鸡苗（单位：元/羽）,鸡苗,内蒙古,停孵,0.00,2018-01-06
﻿1、明日鸡苗（单位：元/羽）,种蛋,河北,1.50-1.60,0.00,2018-01-06
﻿1、明日鸡苗（单位：元/羽）,种蛋,河南,1.50-1.60,0.00,2018-01-06
﻿1、明日鸡苗（单位：元/羽）,种蛋,宁夏,1.50-1.60,0.00,2018-01-06
﻿1、明日鸡苗（单位：元/羽）,种蛋,兰州,1.50-1.60,0.00,2018-01-06
﻿1、明日鸡苗（单位：元/羽）,种蛋,辽宁,1.40-1.50,0.00,2018-01-06
﻿1、明日鸡苗（单位：元/羽）,种蛋,黑龙江,1.45-1.55,0.00,2018-01-06
﻿1、明日鸡苗（单位：元/羽）,种蛋,吉林,1.45-1.55,0.00,2018-01-06
﻿1、明日鸡苗（单位：元/羽）,817鸡苗,山东德州,停孵,0.00,2018-01-06
﻿1、明日鸡苗（单位：元/羽）,817鸡苗,山东聊城,停孵,0.00,2018-01-06
﻿表名,分类,区域,价格,趋势,日期
﻿2、今日毛鸡（单位：元/斤）,山东,沂南,3.85,0.05,2018-01-06
﻿2、今日毛鸡（单位：元/斤）,山东,潍坊,3.85,0.05,2018-01-06
﻿2、今日毛鸡（单位：元/斤）,山东,青岛,3.85,0.05,2018-01-06
﻿2、今日毛鸡（单位：元/斤）,山东,烟台,3.87,0.05,2018-01-06
﻿2、今日毛鸡（单位：元/斤）,山东,东营,3.86,0.06,2018-01-06
﻿2、今日毛鸡（单位：元/斤）,山东,日照,3.86,0.06,2018-01-06
﻿2、今日毛鸡（单位：元/斤）,山东,枣庄,3.84,0.06,2018-01-06
﻿2、今日毛鸡（单位：元/斤）,山东,泰安,3.85,0.07,2018-01-06
﻿2、今日毛鸡（单位：元/斤）,山东,菏泽（活禽）,4.00,-0.20,2018-01-06
﻿2、今日毛鸡（单位：元/斤）,山东,滨州,3.85,0.05,2018-01-06
﻿2、今日毛鸡（单位：元/斤）,山东,博兴,3.85,0.05,2018-01-06
﻿2、今日毛鸡（单位：元/斤）,山东,德州,3.85,0.05,2018-01-06
﻿2、今日毛鸡（单位：元/斤）,山东,临沂,3.85,0.05,2018-01-06
﻿2、今日毛鸡（单位：元/斤）,河北,廊坊,3.80,0.05,2018-01-06
﻿2、今日毛鸡（单位：元/斤）,河北,保定,3.85,0.05,2018-01-06
﻿2、今日毛鸡（单位：元/斤）,河北,石家庄,3.94,0.04,2018-01-06
﻿2、今日毛鸡（单位：元/斤）,河北,唐山,3.85,0.05,2018-01-06
﻿2、今日毛鸡（单位：元/斤）,河南,安阳,3.87,0.07,2018-01-06
﻿2、今日毛鸡（单位：元/斤）,河南,新乡,3.87,0.07,2018-01-06
﻿2、今日毛鸡（单位：元/斤）,河南,濮阳,3.87,0.07,2018-01-06
﻿2、今日毛鸡（单位：元/斤）,河南,周口（活禽）,4.35,0.00,2018-01-06
﻿2、今日毛鸡（单位：元/斤）,河南,商丘（活禽）,4.35,0.00,2018-01-06
﻿2、今日毛鸡（单位：元/斤）,河南,开封（活禽）,4.35,0.00,2018-01-06
﻿2、今日毛鸡（单位：元/斤）,辽宁,沈阳,4.15,0.10,2018-01-06
﻿2、今日毛鸡（单位：元/斤）,辽宁,大连,4.10,0.10,2018-01-06
﻿2、今日毛鸡（单位：元/斤）,辽宁,鞍山,4.10,0.10,2018-01-06
﻿2、今日毛鸡（单位：元/斤）,辽宁,营口,4.10,0.10,2018-01-06
﻿2、今日毛鸡（单位：元/斤）,辽宁,盘锦,4.10,0.10,2018-01-06
﻿2、今日毛鸡（单位：元/斤）,辽宁,辽阳,4.10,0.10,2018-01-06
﻿2、今日毛鸡（单位：元/斤）,辽宁,本溪,4.15,0.10,2018-01-06
﻿2、今日毛鸡（单位：元/斤）,辽宁,铁岭,4.15,0.10,2018-01-06
﻿2、今日毛鸡（单位：元/斤）,辽宁,抚顺,4.15,0.10,2018-01-06
﻿2、今日毛鸡（单位：元/斤）,辽宁,丹东,4.15,0.10,2018-01-06
﻿2、今日毛鸡（单位：元/斤）,辽宁,锦州,4.15,0.10,2018-01-06
﻿2、今日毛鸡（单位：元/斤）,辽宁,朝阳,4.15,0.10,2018-01-06
﻿2、今日毛鸡（单位：元/斤）,辽宁,阜新,4.15,0.10,2018-01-06
﻿2、今日毛鸡（单位：元/斤）,辽宁,葫芦岛,4.15,0.10,2018-01-06
﻿2、今日毛鸡（单位：元/斤）,817毛鸡,聊城2.8-3.0斤以上,5.25,0.20,2018-01-06
﻿2、今日毛鸡（单位：元/斤）,817毛鸡,小规格1.7-2.2斤,4.75,0.15,2018-01-06
﻿2、今日毛鸡（单位：元/斤）,817毛鸡,德州3.0斤以上,4.75,0.10,2018-01-06
﻿2、今日毛鸡（单位：元/斤）,817毛鸡,小规格2.3-2.5斤,4.70,0.15,2018-01-06
﻿2、今日毛鸡（单位：元/斤）,江苏,宿迁,3.71,-0.01,2018-01-06
﻿2、今日毛鸡（单位：元/斤）,吉林,吉林（棚前）,3.85,0.00,2018-01-06
﻿2、今日毛鸡（单位：元/斤）,黑龙江,黑龙江（棚前）,3.85,0.00,2018-01-06
﻿表名,分类,区域,价格,趋势,日期
﻿3、今日山东麻鸡（单位：元/斤）,无,潍坊,6.00,0.00,2018-01-06
﻿3、今日山东麻鸡（单位：元/斤）,无,淄博,6.00,0.00,2018-01-06
﻿3、今日山东麻鸡（单位：元/斤）,无,东营,6.00,0.00,2018-01-06
﻿3、今日山东麻鸡（单位：元/斤）,无,日照,5.90,0.00,2018-01-06
﻿3、今日山东麻鸡（单位：元/斤）,无,枣庄,5.90,0.00,2018-01-06
﻿3、今日山东麻鸡（单位：元/斤）,无,泰安,6.00,0.00,2018-01-06
﻿3、今日山东麻鸡（单位：元/斤）,无,滨州,6.00,0.00,2018-01-06
﻿3、今日山东麻鸡（单位：元/斤）,无,临沂,5.90,0.00,2018-01-06
﻿3、今日山东麻鸡（单位：元/斤）,无,聊城,6.00,0.00,2018-01-06
﻿3、今日山东麻鸡（单位：元/斤）,无,菏泽,5.90,0.00,2018-01-06
﻿3、今日山东麻鸡（单位：元/斤）,无,济南,6.00,0.00,2018-01-06
﻿3、今日山东麻鸡（单位：元/斤）,无,济宁,5.90,0.00,2018-01-06
﻿表名,分类,厂家,价格,趋势,日期
﻿1.明日鸭苗（单位：元/羽）,无,益客（到户）,0.65,0.10,2018-01-06
﻿1.明日鸭苗（单位：元/羽）,无,新希望六和,0.60,0.10,2018-01-06
﻿1.明日鸭苗（单位：元/羽）,无,和康源（到户）,0.65,0.10,2018-01-06
﻿1.明日鸭苗（单位：元/羽）,无,乐港,0.60,0.10,2018-01-06
﻿1.明日鸭苗（单位：元/羽）,无,强英,0.60,0.10,2018-01-06
﻿1.明日鸭苗（单位：元/羽）,无,徐桂,0.60,0.10,2018-01-06
﻿1.明日鸭苗（单位：元/羽）,无,华英,0.60,0.10,2018-01-06
﻿1.明日鸭苗（单位：元/羽）,无,潍坊大江,0.60,0.10,2018-01-06
﻿1.明日鸭苗（单位：元/羽）,无,内蒙古维尔,0.60,0.10,2018-01-06
﻿1.明日鸭苗（单位：元/羽）,无,塞飞亚,0.60,0.10,2018-01-06
﻿1.明日鸭苗（单位：元/羽）,无,粤桂,0.60,0.00,2018-01-06
﻿1.明日鸭苗（单位：元/羽）,无,桂桂,0.80,0.20,2018-01-06
﻿1.明日鸭苗（单位：元/羽）,无,广西实隆,0.80,0.20,2018-01-06
﻿1.明日鸭苗（单位：元/羽）,无,广西康旺,0.80,0.20,2018-01-06
﻿1.明日鸭苗（单位：元/羽）,无,川桂,0.80,0.00,2018-01-06
﻿1.明日鸭苗（单位：元/羽）,无,绵樱,0.80,0.00,2018-01-06
﻿1.明日鸭苗（单位：元/羽）,无,智诚,0.60,0.10,2018-01-06
﻿1.明日鸭苗（单位：元/羽）,无,金枫樱桃谷,0.60,0.10,2018-01-06
﻿1.明日鸭苗（单位：元/羽）,无,种蛋,1.75,0.00,2018-01-06
﻿表名,分类,区域,价格,趋势,日期
﻿2、今日毛鸭（单位：元/斤）,山东,临沂,3.40,0.00,2018-01-06
﻿2、今日毛鸭（单位：元/斤）,山东,泰安,3.40,0.00,2018-01-06
﻿2、今日毛鸭（单位：元/斤）,山东,淄博（棚前）,3.15,-0.07,2018-01-06
﻿2、今日毛鸭（单位：元/斤）,山东,滨州（棚前）,3.15,-0.07,2018-01-06
﻿2、今日毛鸭（单位：元/斤）,山东,莱芜,3.40,0.00,2018-01-06
﻿2、今日毛鸭（单位：元/斤）,山东,肥城,3.40,0.00,2018-01-06
﻿2、今日毛鸭（单位：元/斤）,山东,郓城,3.40,0.00,2018-01-06
﻿2、今日毛鸭（单位：元/斤）,山东,枣庄,3.40,0.00,2018-01-06
﻿2、今日毛鸭（单位：元/斤）,山东,潍坊（棚前）,3.16,-0.09,2018-01-06
﻿2、今日毛鸭（单位：元/斤）,山东,菏泽,3.25,0.00,2018-01-06
﻿2、今日毛鸭（单位：元/斤）,山东,济宁,3.40,0.00,2018-01-06
﻿2、今日毛鸭（单位：元/斤）,江苏,南京,3.40,0.00,2018-01-06
﻿2、今日毛鸭（单位：元/斤）,江苏,新沂,3.30,0.00,2018-01-06
﻿2、今日毛鸭（单位：元/斤）,江苏,宿迁,3.30,0.00,2018-01-06
﻿2、今日毛鸭（单位：元/斤）,江苏,邳州,3.30,0.00,2018-01-06
﻿2、今日毛鸭（单位：元/斤）,江苏,徐州,3.40,0.00,2018-01-06
﻿2、今日毛鸭（单位：元/斤）,江苏,淮安,3.40,0.00,2018-01-06
﻿2、今日毛鸭（单位：元/斤）,江苏,常州,3.40,0.00,2018-01-06
﻿2、今日毛鸭（单位：元/斤）,江苏,泰州,3.40,0.00,2018-01-06
﻿2、今日毛鸭（单位：元/斤）,河南,郑州,3.40,0.00,2018-01-06
﻿2、今日毛鸭（单位：元/斤）,河南,南阳,3.40,0.00,2018-01-06
﻿2、今日毛鸭（单位：元/斤）,河南,焦作,3.40,0.00,2018-01-06
﻿2、今日毛鸭（单位：元/斤）,河南,安阳,3.40,0.00,2018-01-06
﻿2、今日毛鸭（单位：元/斤）,河北,石家庄,3.45,0.00,2018-01-06
﻿2、今日毛鸭（单位：元/斤）,河北,保定,3.45,0.00,2018-01-06
﻿2、今日毛鸭（单位：元/斤）,河北,邢台,3.40,0.00,2018-01-06
﻿2、今日毛鸭（单位：元/斤）,空,沧州（肥型棚前）,3.80,0.00,2018-01-06
﻿2、今日毛鸭（单位：元/斤）,空,沧州（四系）,4.30,0.00,2018-01-06
﻿2、今日毛鸭（单位：元/斤）,安徽,合肥,3.40,0.00,2018-01-06
﻿2、今日毛鸭（单位：元/斤）,安徽,蚌埠,3.40,0.00,2018-01-06
﻿2、今日毛鸭（单位：元/斤）,安徽,宣城,3.45,0.00,2018-01-06
﻿2、今日毛鸭（单位：元/斤）,安徽,砀山,3.45,0.00,2018-01-06
﻿2、今日毛鸭（单位：元/斤）,湖北,武汉,3.70,0.00,2018-01-06
﻿2、今日毛鸭（单位：元/斤）,湖北,黄石,3.60,0.00,2018-01-06
﻿2、今日毛鸭（单位：元/斤）,湖北,荆门,3.60,0.00,2018-01-06
﻿2、今日毛鸭（单位：元/斤）,江西,南昌,4.90,0.00,2018-01-06
﻿2、今日毛鸭（单位：元/斤）,江西,丰城,4.90,0.00,2018-01-06
﻿2、今日毛鸭（单位：元/斤）,江西,吉安,5.00,0.00,2018-01-06
﻿2、今日毛鸭（单位：元/斤）,四川,成都,4.00,0.00,2018-01-06
﻿2、今日毛鸭（单位：元/斤）,四川,乐山,3.80,0.00,2018-01-06
﻿2、今日毛鸭（单位：元/斤）,四川,眉山,3.90,0.00,2018-01-06
﻿2、今日毛鸭（单位：元/斤）,四川,攀枝花,3.80,0.00,2018-01-06
﻿2、今日毛鸭（单位：元/斤）,广西,南宁旱鸭,5.00,0.00,2018-01-06
﻿2、今日毛鸭（单位：元/斤）,广西,南宁水鸭,5.30,0.00,2018-01-06
﻿2、今日毛鸭（单位：元/斤）,广西,柳州旱鸭,5.00,0.00,2018-01-06
﻿2、今日毛鸭（单位：元/斤）,广西,钦州水鸭,5.30,0.00,2018-01-06
﻿2、今日毛鸭（单位：元/斤）,广西,钦州旱鸭,5.00,0.00,2018-01-06
﻿2、今日毛鸭（单位：元/斤）,广西,桂林旱鸭,4.90,0.00,2018-01-06
﻿2、今日毛鸭（单位：元/斤）,广东,佛山,4.70,0.00,2018-01-06
﻿2、今日毛鸭（单位：元/斤）,广东,惠州,4.70,0.00,2018-01-06
﻿2、今日毛鸭（单位：元/斤）,广东,肇庆,4.70,0.00,2018-01-06
﻿2、今日毛鸭（单位：元/斤）,重庆,重庆,4.20,0.00,2018-01-06
﻿表名,分类,区域,价格,趋势,日期
﻿1、明日鸡苗（单位：元/羽）,鸡苗,山东大厂,停孵,0.00,2018-01-05
﻿1、明日鸡苗（单位：元/羽）,鸡苗,山东中小厂,停孵,0.00,2018-01-05
﻿1、明日鸡苗（单位：元/羽）,鸡苗,河北,停孵,0.00,2018-01-05
﻿1、明日鸡苗（单位：元/羽）,鸡苗,河南,停孵,0.00,2018-01-05
﻿1、明日鸡苗（单位：元/羽）,鸡苗,山西,停孵,0.00,2018-01-05
﻿1、明日鸡苗（单位：元/羽）,鸡苗,江苏,停孵,0.00,2018-01-05
﻿1、明日鸡苗（单位：元/羽）,鸡苗,安徽,停孵,0.00,2018-01-05
﻿1、明日鸡苗（单位：元/羽）,鸡苗,吉林,停孵,0.00,2018-01-05
﻿1、明日鸡苗（单位：元/羽）,鸡苗,黑龙江,停孵,0.00,2018-01-05
﻿1、明日鸡苗（单位：元/羽）,鸡苗,辽宁,停孵,0.00,2018-01-05
﻿1、明日鸡苗（单位：元/羽）,鸡苗,内蒙古,停孵,0.00,2018-01-05
﻿1、明日鸡苗（单位：元/羽）,种蛋,河北,1.50-1.60,0.00,2018-01-05
﻿1、明日鸡苗（单位：元/羽）,种蛋,河南,1.50-1.60,0.00,2018-01-05
﻿1、明日鸡苗（单位：元/羽）,种蛋,宁夏,1.50-1.60,0.00,2018-01-05
﻿1、明日鸡苗（单位：元/羽）,种蛋,兰州,1.50-1.60,0.00,2018-01-05
﻿1、明日鸡苗（单位：元/羽）,种蛋,辽宁,1.40-1.50,0.00,2018-01-05
﻿1、明日鸡苗（单位：元/羽）,种蛋,黑龙江,1.45-1.55,0.00,2018-01-05
﻿1、明日鸡苗（单位：元/羽）,种蛋,吉林,1.45-1.55,0.00,2018-01-05
﻿1、明日鸡苗（单位：元/羽）,817鸡苗,山东德州,停孵,0.00,2018-01-05
﻿1、明日鸡苗（单位：元/羽）,817鸡苗,山东聊城,停孵,0.00,2018-01-05
﻿表名,分类,区域,价格,趋势,日期
﻿2、今日毛鸡（单位：元/斤）,山东,沂南,3.80,0.08,2018-01-05
﻿2、今日毛鸡（单位：元/斤）,山东,潍坊,3.80,0.08,2018-01-05
﻿2、今日毛鸡（单位：元/斤）,山东,青岛,3.80,0.08,2018-01-05
﻿2、今日毛鸡（单位：元/斤）,山东,烟台,3.82,0.10,2018-01-05
﻿2、今日毛鸡（单位：元/斤）,山东,东营,3.80,0.06,2018-01-05
﻿2、今日毛鸡（单位：元/斤）,山东,日照,3.80,0.06,2018-01-05
﻿2、今日毛鸡（单位：元/斤）,山东,枣庄,3.78,0.03,2018-01-05
﻿2、今日毛鸡（单位：元/斤）,山东,泰安,3.78,0.08,2018-01-05
﻿2、今日毛鸡（单位：元/斤）,山东,菏泽（活禽）,4.30,0.00,2018-01-05
﻿2、今日毛鸡（单位：元/斤）,山东,滨州,3.80,0.08,2018-01-05
﻿2、今日毛鸡（单位：元/斤）,山东,博兴,3.80,0.08,2018-01-05
﻿2、今日毛鸡（单位：元/斤）,山东,德州,3.80,0.08,2018-01-05
﻿2、今日毛鸡（单位：元/斤）,山东,临沂,3.80,0.08,2018-01-05
﻿2、今日毛鸡（单位：元/斤）,河北,廊坊,3.75,0.07,2018-01-05
﻿2、今日毛鸡（单位：元/斤）,河北,保定,3.80,0.08,2018-01-05
﻿2、今日毛鸡（单位：元/斤）,河北,石家庄,3.90,0.05,2018-01-05
﻿2、今日毛鸡（单位：元/斤）,河北,唐山,3.80,0.05,2018-01-05
﻿2、今日毛鸡（单位：元/斤）,河南,安阳,3.80,0.05,2018-01-05
﻿2、今日毛鸡（单位：元/斤）,河南,新乡,3.80,0.05,2018-01-05
﻿2、今日毛鸡（单位：元/斤）,河南,濮阳,3.80,0.05,2018-01-05
﻿2、今日毛鸡（单位：元/斤）,河南,周口（活禽）,4.35,0.00,2018-01-05
﻿2、今日毛鸡（单位：元/斤）,河南,商丘（活禽）,4.35,0.00,2018-01-05
﻿2、今日毛鸡（单位：元/斤）,河南,开封（活禽）,4.35,0.00,2018-01-05
﻿2、今日毛鸡（单位：元/斤）,辽宁,沈阳,4.05,0.00,2018-01-05
﻿2、今日毛鸡（单位：元/斤）,辽宁,大连,4.00,0.00,2018-01-05
﻿2、今日毛鸡（单位：元/斤）,辽宁,鞍山,4.00,0.00,2018-01-05
﻿2、今日毛鸡（单位：元/斤）,辽宁,营口,4.00,0.00,2018-01-05
﻿2、今日毛鸡（单位：元/斤）,辽宁,盘锦,4.00,0.00,2018-01-05
﻿2、今日毛鸡（单位：元/斤）,辽宁,辽阳,4.00,0.00,2018-01-05
﻿2、今日毛鸡（单位：元/斤）,辽宁,本溪,4.05,0.00,2018-01-05
﻿2、今日毛鸡（单位：元/斤）,辽宁,铁岭,4.05,0.00,2018-01-05
﻿2、今日毛鸡（单位：元/斤）,辽宁,抚顺,4.05,0.00,2018-01-05
﻿2、今日毛鸡（单位：元/斤）,辽宁,丹东,4.05,0.00,2018-01-05
﻿2、今日毛鸡（单位：元/斤）,辽宁,锦州,4.05,0.00,2018-01-05
﻿2、今日毛鸡（单位：元/斤）,辽宁,朝阳,4.05,0.00,2018-01-05
﻿2、今日毛鸡（单位：元/斤）,辽宁,阜新,4.05,0.00,2018-01-05
﻿2、今日毛鸡（单位：元/斤）,辽宁,葫芦岛,4.05,0.00,2018-01-05
﻿2、今日毛鸡（单位：元/斤）,817毛鸡,聊城2.8-3.0斤以上,5.05,0.05,2018-01-05
﻿2、今日毛鸡（单位：元/斤）,817毛鸡,小规格1.7-2.2斤,4.60,-0.05,2018-01-05
﻿2、今日毛鸡（单位：元/斤）,817毛鸡,德州3.0斤以上,4.65,-0.05,2018-01-05
﻿2、今日毛鸡（单位：元/斤）,817毛鸡,小规格2.3-2.5斤,4.55,-0.05,2018-01-05
﻿2、今日毛鸡（单位：元/斤）,江苏,宿迁,3.72,0.04,2018-01-05
﻿2、今日毛鸡（单位：元/斤）,吉林,吉林（棚前）,3.85,0.00,2018-01-05
﻿2、今日毛鸡（单位：元/斤）,黑龙江,黑龙江（棚前）,3.85,0.00,2018-01-05
﻿表名,分类,区域,价格,趋势,日期
﻿3、今日山东麻鸡（单位：元/斤）,无,潍坊,6.00,0.00,2018-01-05
﻿3、今日山东麻鸡（单位：元/斤）,无,淄博,6.00,0.00,2018-01-05
﻿3、今日山东麻鸡（单位：元/斤）,无,东营,6.00,0.00,2018-01-05
﻿3、今日山东麻鸡（单位：元/斤）,无,日照,5.90,0.00,2018-01-05
﻿3、今日山东麻鸡（单位：元/斤）,无,枣庄,5.90,0.00,2018-01-05
﻿3、今日山东麻鸡（单位：元/斤）,无,泰安,6.00,0.00,2018-01-05
﻿3、今日山东麻鸡（单位：元/斤）,无,滨州,6.00,0.00,2018-01-05
﻿3、今日山东麻鸡（单位：元/斤）,无,临沂,5.90,0.00,2018-01-05
﻿3、今日山东麻鸡（单位：元/斤）,无,聊城,6.00,0.00,2018-01-05
﻿3、今日山东麻鸡（单位：元/斤）,无,菏泽,5.90,0.00,2018-01-05
﻿3、今日山东麻鸡（单位：元/斤）,无,济南,6.00,0.00,2018-01-05
﻿3、今日山东麻鸡（单位：元/斤）,无,济宁,5.90,0.00,2018-01-05
﻿表名,分类,厂家,价格,趋势,日期
﻿1.明日鸭苗（单位：元/羽）,无,益客（到户）,0.55,-0.30,2018-01-05
﻿1.明日鸭苗（单位：元/羽）,无,新希望六和,0.50,-0.30,2018-01-05
﻿1.明日鸭苗（单位：元/羽）,无,和康源（到户）,0.55,-0.30,2018-01-05
﻿1.明日鸭苗（单位：元/羽）,无,乐港,0.50,-0.30,2018-01-05
﻿1.明日鸭苗（单位：元/羽）,无,强英,0.50,-0.30,2018-01-05
﻿1.明日鸭苗（单位：元/羽）,无,徐桂,0.50,-0.30,2018-01-05
﻿1.明日鸭苗（单位：元/羽）,无,华英,0.50,-0.30,2018-01-05
﻿1.明日鸭苗（单位：元/羽）,无,潍坊大江,0.50,-0.30,2018-01-05
﻿1.明日鸭苗（单位：元/羽）,无,内蒙古维尔,0.50,-0.30,2018-01-05
﻿1.明日鸭苗（单位：元/羽）,无,塞飞亚,0.50,-0.30,2018-01-05
﻿1.明日鸭苗（单位：元/羽）,无,粤桂,0.60,0.00,2018-01-05
﻿1.明日鸭苗（单位：元/羽）,无,桂桂,0.60,0.00,2018-01-05
﻿1.明日鸭苗（单位：元/羽）,无,广西实隆,0.60,0.00,2018-01-05
﻿1.明日鸭苗（单位：元/羽）,无,广西康旺,0.60,0.00,2018-01-05
﻿1.明日鸭苗（单位：元/羽）,无,川桂,0.80,0.00,2018-01-05
﻿1.明日鸭苗（单位：元/羽）,无,绵樱,0.80,0.00,2018-01-05
﻿1.明日鸭苗（单位：元/羽）,无,智诚,0.50,-0.30,2018-01-05
﻿1.明日鸭苗（单位：元/羽）,无,金枫樱桃谷,0.50,-0.30,2018-01-05
﻿1.明日鸭苗（单位：元/羽）,无,种蛋,1.75,0.00,2018-01-05
﻿表名,分类,区域,价格,趋势,日期
﻿2、今日毛鸭（单位：元/斤）,山东,临沂,3.40,0.00,2018-01-05
﻿2、今日毛鸭（单位：元/斤）,山东,泰安,3.40,0.00,2018-01-05
﻿2、今日毛鸭（单位：元/斤）,山东,淄博（棚前）,3.22,0.00,2018-01-05
﻿2、今日毛鸭（单位：元/斤）,山东,滨州（棚前）,3.22,0.00,2018-01-05
﻿2、今日毛鸭（单位：元/斤）,山东,莱芜,3.40,0.00,2018-01-05
﻿2、今日毛鸭（单位：元/斤）,山东,肥城,3.40,0.00,2018-01-05
﻿2、今日毛鸭（单位：元/斤）,山东,郓城,3.40,0.00,2018-01-05
﻿2、今日毛鸭（单位：元/斤）,山东,枣庄,3.40,0.00,2018-01-05
﻿2、今日毛鸭（单位：元/斤）,山东,潍坊（棚前）,3.25,0.01,2018-01-05
﻿2、今日毛鸭（单位：元/斤）,山东,菏泽,3.25,-0.15,2018-01-05
﻿2、今日毛鸭（单位：元/斤）,山东,济宁,3.40,0.00,2018-01-05
﻿2、今日毛鸭（单位：元/斤）,江苏,南京,3.40,0.00,2018-01-05
﻿2、今日毛鸭（单位：元/斤）,江苏,新沂,3.30,0.00,2018-01-05
﻿2、今日毛鸭（单位：元/斤）,江苏,宿迁,3.30,0.00,2018-01-05
﻿2、今日毛鸭（单位：元/斤）,江苏,邳州,3.30,0.00,2018-01-05
﻿2、今日毛鸭（单位：元/斤）,江苏,徐州,3.40,0.00,2018-01-05
﻿2、今日毛鸭（单位：元/斤）,江苏,淮安,3.40,0.00,2018-01-05
﻿2、今日毛鸭（单位：元/斤）,江苏,常州,3.40,0.00,2018-01-05
﻿2、今日毛鸭（单位：元/斤）,江苏,泰州,3.40,0.00,2018-01-05
﻿2、今日毛鸭（单位：元/斤）,河南,郑州,3.40,0.00,2018-01-05
﻿2、今日毛鸭（单位：元/斤）,河南,南阳,3.40,0.00,2018-01-05
﻿2、今日毛鸭（单位：元/斤）,河南,焦作,3.40,0.00,2018-01-05
﻿2、今日毛鸭（单位：元/斤）,河南,安阳,3.40,0.00,2018-01-05
﻿2、今日毛鸭（单位：元/斤）,河北,石家庄,3.45,0.00,2018-01-05
﻿2、今日毛鸭（单位：元/斤）,河北,保定,3.45,0.00,2018-01-05
﻿2、今日毛鸭（单位：元/斤）,河北,邢台,3.40,0.00,2018-01-05
﻿2、今日毛鸭（单位：元/斤）,空,沧州（肥型棚前）,3.80,0.00,2018-01-05
﻿2、今日毛鸭（单位：元/斤）,空,沧州（四系）,4.30,0.00,2018-01-05
﻿2、今日毛鸭（单位：元/斤）,安徽,合肥,3.40,0.00,2018-01-05
﻿2、今日毛鸭（单位：元/斤）,安徽,蚌埠,3.40,0.00,2018-01-05
﻿2、今日毛鸭（单位：元/斤）,安徽,宣城,3.45,0.00,2018-01-05
﻿2、今日毛鸭（单位：元/斤）,安徽,砀山,3.45,0.00,2018-01-05
﻿2、今日毛鸭（单位：元/斤）,湖北,武汉,3.70,0.00,2018-01-05
﻿2、今日毛鸭（单位：元/斤）,湖北,黄石,3.60,0.00,2018-01-05
﻿2、今日毛鸭（单位：元/斤）,湖北,荆门,3.60,0.00,2018-01-05
﻿2、今日毛鸭（单位：元/斤）,江西,南昌,4.90,0.00,2018-01-05
﻿2、今日毛鸭（单位：元/斤）,江西,丰城,4.90,0.00,2018-01-05
﻿2、今日毛鸭（单位：元/斤）,江西,吉安,5.00,0.00,2018-01-05
﻿2、今日毛鸭（单位：元/斤）,四川,成都,4.00,0.00,2018-01-05
﻿2、今日毛鸭（单位：元/斤）,四川,乐山,3.80,0.00,2018-01-05
﻿2、今日毛鸭（单位：元/斤）,四川,眉山,3.90,0.00,2018-01-05
﻿2、今日毛鸭（单位：元/斤）,四川,攀枝花,3.80,0.00,2018-01-05
﻿2、今日毛鸭（单位：元/斤）,广西,南宁旱鸭,5.00,0.20,2018-01-05
﻿2、今日毛鸭（单位：元/斤）,广西,南宁水鸭,5.30,0.10,2018-01-05
﻿2、今日毛鸭（单位：元/斤）,广西,柳州旱鸭,5.00,0.20,2018-01-05
﻿2、今日毛鸭（单位：元/斤）,广西,钦州水鸭,5.30,0.10,2018-01-05
﻿2、今日毛鸭（单位：元/斤）,广西,钦州旱鸭,5.00,0.10,2018-01-05
﻿2、今日毛鸭（单位：元/斤）,广西,桂林旱鸭,4.90,0.10,2018-01-05
﻿2、今日毛鸭（单位：元/斤）,广东,佛山,4.70,0.00,2018-01-05
﻿2、今日毛鸭（单位：元/斤）,广东,惠州,4.70,0.00,2018-01-05
﻿2、今日毛鸭（单位：元/斤）,广东,肇庆,4.70,0.00,2018-01-05
﻿2、今日毛鸭（单位：元/斤）,重庆,重庆,4.20,0.00,2018-01-05
﻿表名,分类,区域,价格,趋势,日期
﻿1、明日鸡苗（单位：元/羽）,鸡苗,山东大厂,停孵,0.00,2018-01-04
﻿1、明日鸡苗（单位：元/羽）,鸡苗,山东中小厂,停孵,0.00,2018-01-04
﻿1、明日鸡苗（单位：元/羽）,鸡苗,河北,停孵,0.00,2018-01-04
﻿1、明日鸡苗（单位：元/羽）,鸡苗,河南,停孵,0.00,2018-01-04
﻿1、明日鸡苗（单位：元/羽）,鸡苗,山西,停孵,0.00,2018-01-04
﻿1、明日鸡苗（单位：元/羽）,鸡苗,江苏,停孵,0.00,2018-01-04
﻿1、明日鸡苗（单位：元/羽）,鸡苗,安徽,停孵,0.00,2018-01-04
﻿1、明日鸡苗（单位：元/羽）,鸡苗,吉林,停孵,0.00,2018-01-04
﻿1、明日鸡苗（单位：元/羽）,鸡苗,黑龙江,停孵,0.00,2018-01-04
﻿1、明日鸡苗（单位：元/羽）,鸡苗,辽宁,停孵,0.00,2018-01-04
﻿1、明日鸡苗（单位：元/羽）,鸡苗,内蒙古,停孵,0.00,2018-01-04
﻿1、明日鸡苗（单位：元/羽）,种蛋,河北,1.50-1.60,0.0,2018-01-04
﻿1、明日鸡苗（单位：元/羽）,种蛋,河南,1.50-1.60,0.00,2018-01-04
﻿1、明日鸡苗（单位：元/羽）,种蛋,宁夏,1.50-1.60,0.00,2018-01-04
﻿1、明日鸡苗（单位：元/羽）,种蛋,兰州,1.50-1.60,0.00,2018-01-04
﻿1、明日鸡苗（单位：元/羽）,种蛋,辽宁,1.40-1.50,0.00,2018-01-04
﻿1、明日鸡苗（单位：元/羽）,种蛋,黑龙江,1.45-1.55,0.00,2018-01-04
﻿1、明日鸡苗（单位：元/羽）,种蛋,吉林,1.45-1.55,0.00,2018-01-04
﻿1、明日鸡苗（单位：元/羽）,817鸡苗,山东德州,停孵,0.00,2018-01-04
﻿1、明日鸡苗（单位：元/羽）,817鸡苗,山东聊城,停孵,0.00,2018-01-04
﻿表名,分类,区域,价格,趋势,日期
﻿2、今日毛鸡（单位：元/斤）,山东,沂南,3.72,-0.06,2018-01-04
﻿2、今日毛鸡（单位：元/斤）,山东,潍坊,3.72,-0.08,2018-01-04
﻿2、今日毛鸡（单位：元/斤）,山东,青岛,3.72,-0.08,2018-01-04
﻿2、今日毛鸡（单位：元/斤）,山东,烟台,3.72,-0.08,2018-01-04
﻿2、今日毛鸡（单位：元/斤）,山东,东营,3.74,-0.06,2018-01-04
﻿2、今日毛鸡（单位：元/斤）,山东,日照,3.74,-0.06,2018-01-04
﻿2、今日毛鸡（单位：元/斤）,山东,枣庄,3.75,-0.03,2018-01-04
﻿2、今日毛鸡（单位：元/斤）,山东,泰安,3.70,-0.09,2018-01-04
﻿2、今日毛鸡（单位：元/斤）,山东,菏泽（活禽）,4.30,0.00,2018-01-04
﻿2、今日毛鸡（单位：元/斤）,山东,滨州,3.72,-0.08,2018-01-04
﻿2、今日毛鸡（单位：元/斤）,山东,博兴,3.72,-0.08,2018-01-04
﻿2、今日毛鸡（单位：元/斤）,山东,德州,3.72,-0.08,2018-01-04
﻿2、今日毛鸡（单位：元/斤）,山东,临沂,3.72,-0.06,2018-01-04
﻿2、今日毛鸡（单位：元/斤）,河北,廊坊,3.68,-0.07,2018-01-04
﻿2、今日毛鸡（单位：元/斤）,河北,保定,3.72,-0.08,2018-01-04
﻿2、今日毛鸡（单位：元/斤）,河北,石家庄,3.85,-0.04,2018-01-04
﻿2、今日毛鸡（单位：元/斤）,河北,唐山,3.75,-0.03,2018-01-04
﻿2、今日毛鸡（单位：元/斤）,河南,安阳,3.75,-0.05,2018-01-04
﻿2、今日毛鸡（单位：元/斤）,河南,新乡,3.75,-0.05,2018-01-04
﻿2、今日毛鸡（单位：元/斤）,河南,濮阳,3.75,-0.05,2018-01-04
﻿2、今日毛鸡（单位：元/斤）,河南,周口（活禽）,4.35,0.00,2018-01-04
﻿2、今日毛鸡（单位：元/斤）,河南,商丘（活禽）,4.35,0.00,2018-01-04
﻿2、今日毛鸡（单位：元/斤）,河南,开封（活禽）,4.35,0.00,2018-01-04
﻿2、今日毛鸡（单位：元/斤）,辽宁,沈阳,4.05,0.00,2018-01-04
﻿2、今日毛鸡（单位：元/斤）,辽宁,大连,4.00,0.00,2018-01-04
﻿2、今日毛鸡（单位：元/斤）,辽宁,鞍山,4.00,0.00,2018-01-04
﻿2、今日毛鸡（单位：元/斤）,辽宁,营口,4.00,0.00,2018-01-04
﻿2、今日毛鸡（单位：元/斤）,辽宁,盘锦,4.00,0.00,2018-01-04
﻿2、今日毛鸡（单位：元/斤）,辽宁,辽阳,4.00,0.00,2018-01-04
﻿2、今日毛鸡（单位：元/斤）,辽宁,本溪,4.05,0.00,2018-01-04
﻿2、今日毛鸡（单位：元/斤）,辽宁,铁岭,4.05,0.00,2018-01-04
﻿2、今日毛鸡（单位：元/斤）,辽宁,抚顺,4.05,0.00,2018-01-04
﻿2、今日毛鸡（单位：元/斤）,辽宁,丹东,4.05,0.00,2018-01-04
﻿2、今日毛鸡（单位：元/斤）,辽宁,锦州,4.05,0.00,2018-01-04
﻿2、今日毛鸡（单位：元/斤）,辽宁,朝阳,4.05,0.00,2018-01-04
﻿2、今日毛鸡（单位：元/斤）,辽宁,阜新,4.05,0.00,2018-01-04
﻿2、今日毛鸡（单位：元/斤）,辽宁,葫芦岛,4.05,0.00,2018-01-04
﻿2、今日毛鸡（单位：元/斤）,817毛鸡,聊城2.8-3.0斤以上,5.00,-0.05,2018-01-04
﻿2、今日毛鸡（单位：元/斤）,817毛鸡,小规格1.7-2.2斤,4.65,-0.10,2018-01-04
﻿2、今日毛鸡（单位：元/斤）,817毛鸡,德州3.0斤以上,4.70,-0.05,2018-01-04
﻿2、今日毛鸡（单位：元/斤）,817毛鸡,小规格2.3-2.5斤,4.60,-0.10,2018-01-04
﻿2、今日毛鸡（单位：元/斤）,江苏,宿迁,3.68,-0.02,2018-01-04
﻿2、今日毛鸡（单位：元/斤）,吉林,吉林（棚前）,3.85,0.05,2018-01-04
﻿2、今日毛鸡（单位：元/斤）,黑龙江,黑龙江（棚前）,3.85,0.05,2018-01-04
﻿表名,分类,区域,价格,趋势,日期
﻿3、今日山东麻鸡（单位：元/斤）,无,潍坊,6.00,0.10,2018-01-04
﻿3、今日山东麻鸡（单位：元/斤）,无,淄博,6.00,0.10,2018-01-04
﻿3、今日山东麻鸡（单位：元/斤）,无,东营,6.00,0.10,2018-01-04
﻿3、今日山东麻鸡（单位：元/斤）,无,日照,5.90,0.10,2018-01-04
﻿3、今日山东麻鸡（单位：元/斤）,无,枣庄,5.90,0.10,2018-01-04
﻿3、今日山东麻鸡（单位：元/斤）,无,泰安,6.00,0.10,2018-01-04
﻿3、今日山东麻鸡（单位：元/斤）,无,滨州,6.00,0.10,2018-01-04
﻿3、今日山东麻鸡（单位：元/斤）,无,临沂,5.90,0.10,2018-01-04
﻿3、今日山东麻鸡（单位：元/斤）,无,聊城,6.00,0.10,2018-01-04
﻿3、今日山东麻鸡（单位：元/斤）,无,菏泽,5.90,0.10,2018-01-04
﻿3、今日山东麻鸡（单位：元/斤）,无,济南,6.00,0.10,2018-01-04
﻿3、今日山东麻鸡（单位：元/斤）,无,济宁,5.90,0.10,2018-01-04
﻿表名,分类,厂家,价格,趋势,日期
﻿1.明日鸭苗（单位：元/羽）,无,益客（到户）,0.85,-0.40,2018-01-04
﻿1.明日鸭苗（单位：元/羽）,无,新希望六和,0.80,-0.40,2018-01-04
﻿1.明日鸭苗（单位：元/羽）,无,和康源（到户）,0.85,-0.40,2018-01-04
﻿1.明日鸭苗（单位：元/羽）,无,乐港,0.80,-0.40,2018-01-04
﻿1.明日鸭苗（单位：元/羽）,无,强英,0.80,-0.40,2018-01-04
﻿1.明日鸭苗（单位：元/羽）,无,徐桂,0.80,-0.40,2018-01-04
﻿1.明日鸭苗（单位：元/羽）,无,华英,0.80,-0.40,2018-01-04
﻿1.明日鸭苗（单位：元/羽）,无,潍坊大江,0.80,-0.40,2018-01-04
﻿1.明日鸭苗（单位：元/羽）,无,内蒙古维尔,0.80,-0.40,2018-01-04
﻿1.明日鸭苗（单位：元/羽）,无,塞飞亚,0.80,-0.40,2018-01-04
﻿1.明日鸭苗（单位：元/羽）,无,粤桂,0.60,-0.40,2018-01-04
﻿1.明日鸭苗（单位：元/羽）,无,桂桂,0.60,-0.40,2018-01-04
﻿1.明日鸭苗（单位：元/羽）,无,广西实隆,0.60,-0.40,2018-01-04
﻿1.明日鸭苗（单位：元/羽）,无,广西康旺,0.60,-0.40,2018-01-04
﻿1.明日鸭苗（单位：元/羽）,无,川桂,0.80,-0.20,2018-01-04
﻿1.明日鸭苗（单位：元/羽）,无,绵樱,0.80,-0.20,2018-01-04
﻿1.明日鸭苗（单位：元/羽）,无,智诚,0.80,-0.40,2018-01-04
﻿1.明日鸭苗（单位：元/羽）,无,金枫樱桃谷,0.80,-0.40,2018-01-04
﻿1.明日鸭苗（单位：元/羽）,无,种蛋,1.75,0.00,2018-01-04
﻿表名,分类,区域,价格,趋势,日期
﻿2、今日毛鸭（单位：元/斤）,山东,临沂,3.40,0.00,2018-01-04
﻿2、今日毛鸭（单位：元/斤）,山东,泰安,3.40,0.00,2018-01-04
﻿2、今日毛鸭（单位：元/斤）,山东,淄博（棚前）,3.22,0.04,2018-01-04
﻿2、今日毛鸭（单位：元/斤）,山东,滨州（棚前）,3.22,0.04,2018-01-04
﻿2、今日毛鸭（单位：元/斤）,山东,莱芜,3.40,0.00,2018-01-04
﻿2、今日毛鸭（单位：元/斤）,山东,肥城,3.40,0.00,2018-01-04
﻿2、今日毛鸭（单位：元/斤）,山东,郓城,3.40,0.00,2018-01-04
﻿2、今日毛鸭（单位：元/斤）,山东,枣庄,3.40,0.00,2018-01-04
﻿2、今日毛鸭（单位：元/斤）,山东,潍坊（棚前）,3.24,0.04,2018-01-04
﻿2、今日毛鸭（单位：元/斤）,山东,菏泽,3.40,0.00,2018-01-04
﻿2、今日毛鸭（单位：元/斤）,山东,济宁,3.40,0.00,2018-01-04
﻿2、今日毛鸭（单位：元/斤）,江苏,南京,3.40,0.00,2018-01-04
﻿2、今日毛鸭（单位：元/斤）,江苏,新沂,3.30,0.00,2018-01-04
﻿2、今日毛鸭（单位：元/斤）,江苏,宿迁,3.30,0.00,2018-01-04
﻿2、今日毛鸭（单位：元/斤）,江苏,邳州,3.30,0.00,2018-01-04
﻿2、今日毛鸭（单位：元/斤）,江苏,徐州,3.40,0.00,2018-01-04
﻿2、今日毛鸭（单位：元/斤）,江苏,淮安,3.40,0.00,2018-01-04
﻿2、今日毛鸭（单位：元/斤）,江苏,常州,3.40,0.00,2018-01-04
﻿2、今日毛鸭（单位：元/斤）,江苏,泰州,3.40,0.00,2018-01-04
﻿2、今日毛鸭（单位：元/斤）,河南,郑州,3.40,0.00,2018-01-04
﻿2、今日毛鸭（单位：元/斤）,河南,南阳,3.40,0.00,2018-01-04
﻿2、今日毛鸭（单位：元/斤）,河南,焦作,3.40,0.00,2018-01-04
﻿2、今日毛鸭（单位：元/斤）,河南,安阳,3.40,0.00,2018-01-04
﻿2、今日毛鸭（单位：元/斤）,河北,石家庄,3.45,0.00,2018-01-04
﻿2、今日毛鸭（单位：元/斤）,河北,保定,3.45,0.00,2018-01-04
﻿2、今日毛鸭（单位：元/斤）,河北,邢台,3.40,0.00,2018-01-04
﻿2、今日毛鸭（单位：元/斤）,空,沧州（肥型棚前）,3.80,0.00,2018-01-04
﻿2、今日毛鸭（单位：元/斤）,空,沧州（四系）,4.30,0.00,2018-01-04
﻿2、今日毛鸭（单位：元/斤）,安徽,合肥,3.40,0.00,2018-01-04
﻿2、今日毛鸭（单位：元/斤）,安徽,蚌埠,3.40,0.00,2018-01-04
﻿2、今日毛鸭（单位：元/斤）,安徽,宣城,3.45,0.00,2018-01-04
﻿2、今日毛鸭（单位：元/斤）,安徽,砀山,3.45,0.00,2018-01-04
﻿2、今日毛鸭（单位：元/斤）,湖北,武汉,3.70,0.00,2018-01-04
﻿2、今日毛鸭（单位：元/斤）,湖北,黄石,3.60,0.00,2018-01-04
﻿2、今日毛鸭（单位：元/斤）,湖北,荆门,3.60,0.00,2018-01-04
﻿2、今日毛鸭（单位：元/斤）,江西,南昌,4.90,0.20,2018-01-04
﻿2、今日毛鸭（单位：元/斤）,江西,丰城,4.90,0.20,2018-01-04
﻿2、今日毛鸭（单位：元/斤）,江西,吉安,5.00,0.20,2018-01-04
﻿2、今日毛鸭（单位：元/斤）,四川,成都,4.00,0.10,2018-01-04
﻿2、今日毛鸭（单位：元/斤）,四川,乐山,3.80,0.05,2018-01-04
﻿2、今日毛鸭（单位：元/斤）,四川,眉山,3.90,0.10,2018-01-04
﻿2、今日毛鸭（单位：元/斤）,四川,攀枝花,3.80,0.00,2018-01-04
﻿2、今日毛鸭（单位：元/斤）,广西,南宁旱鸭,4.80,0.20,2018-01-04
﻿2、今日毛鸭（单位：元/斤）,广西,南宁水鸭,5.20,0.40,2018-01-04
﻿2、今日毛鸭（单位：元/斤）,广西,柳州旱鸭,4.80,0.20,2018-01-04
﻿2、今日毛鸭（单位：元/斤）,广西,钦州水鸭,4.80,0.00,2018-01-04
﻿2、今日毛鸭（单位：元/斤）,广西,钦州旱鸭,4.90,0.30,2018-01-04
﻿2、今日毛鸭（单位：元/斤）,广西,桂林旱鸭,4.80,0.40,2018-01-04
﻿2、今日毛鸭（单位：元/斤）,广东,佛山,4.70,0.10,2018-01-04
﻿2、今日毛鸭（单位：元/斤）,广东,惠州,4.70,0.10,2018-01-04
﻿2、今日毛鸭（单位：元/斤）,广东,肇庆,4.70,0.10,2018-01-04
﻿2、今日毛鸭（单位：元/斤）,重庆,重庆,4.20,0.10,2018-01-04
﻿表名,分类,区域,价格,趋势,日期
﻿1、明日鸡苗（单位：元/羽）,鸡苗,山东大厂,停孵,0.00,2018-01-03
﻿1、明日鸡苗（单位：元/羽）,鸡苗,山东中小厂,停孵,0.00,2018-01-03
﻿1、明日鸡苗（单位：元/羽）,鸡苗,河北,停孵,0.00,2018-01-03
﻿1、明日鸡苗（单位：元/羽）,鸡苗,河南,停孵,0.00,2018-01-03
﻿1、明日鸡苗（单位：元/羽）,鸡苗,山西,停孵,0.00,2018-01-03
﻿1、明日鸡苗（单位：元/羽）,鸡苗,江苏,停孵,0.00,2018-01-03
﻿1、明日鸡苗（单位：元/羽）,鸡苗,安徽,停孵,0.00,2018-01-03
﻿1、明日鸡苗（单位：元/羽）,鸡苗,吉林,停孵,0.00,2018-01-03
﻿1、明日鸡苗（单位：元/羽）,鸡苗,黑龙江,停孵,0.00,2018-01-03
﻿1、明日鸡苗（单位：元/羽）,鸡苗,辽宁,停孵,0.00,2018-01-03
﻿1、明日鸡苗（单位：元/羽）,鸡苗,内蒙古,停孵,0.00,2018-01-03
﻿1、明日鸡苗（单位：元/羽）,种蛋,河北,1.50-1.60,0.10,2018-01-03
﻿1、明日鸡苗（单位：元/羽）,种蛋,河南,1.50-1.60,0.10,2018-01-03
﻿1、明日鸡苗（单位：元/羽）,种蛋,宁夏,1.50-1.60,0.10,2018-01-03
﻿1、明日鸡苗（单位：元/羽）,种蛋,兰州,1.50-1.60,0.10,2018-01-03
﻿1、明日鸡苗（单位：元/羽）,种蛋,辽宁,1.40-1.50,0.10,2018-01-03
﻿1、明日鸡苗（单位：元/羽）,种蛋,黑龙江,1.45-1.55,0.10,2018-01-03
﻿1、明日鸡苗（单位：元/羽）,种蛋,吉林,1.45-1.55,0.10,2018-01-03
﻿1、明日鸡苗（单位：元/羽）,817鸡苗,山东德州,停孵,0.00,2018-01-03
﻿1、明日鸡苗（单位：元/羽）,817鸡苗,山东聊城,停孵,0.00,2018-01-03
﻿表名,分类,区域,价格,趋势,日期
﻿2、今日毛鸡（单位：元/斤）,山东,沂南,3.78,0.03,2018-01-03
﻿2、今日毛鸡（单位：元/斤）,山东,潍坊,3.80,0.03,2018-01-03
﻿2、今日毛鸡（单位：元/斤）,山东,青岛,3.80,0.05,2018-01-03
﻿2、今日毛鸡（单位：元/斤）,山东,烟台,3.80,0.05,2018-01-03
﻿2、今日毛鸡（单位：元/斤）,山东,东营,3.80,0.04,2018-01-03
﻿2、今日毛鸡（单位：元/斤）,山东,日照,3.80,0.04,2018-01-03
﻿2、今日毛鸡（单位：元/斤）,山东,枣庄,3.78,0.02,2018-01-03
﻿2、今日毛鸡（单位：元/斤）,山东,泰安,3.79,0.04,2018-01-03
﻿2、今日毛鸡（单位：元/斤）,山东,菏泽（活禽）,4.30,0.00,2018-01-03
﻿2、今日毛鸡（单位：元/斤）,山东,滨州,3.80,0.03,2018-01-03
﻿2、今日毛鸡（单位：元/斤）,山东,博兴,3.80,0.03,2018-01-03
﻿2、今日毛鸡（单位：元/斤）,山东,德州,3.80,0.04,2018-01-03
﻿2、今日毛鸡（单位：元/斤）,山东,临沂,3.78,0.03,2018-01-03
﻿2、今日毛鸡（单位：元/斤）,河北,廊坊,3.75,0.02,2018-01-03
﻿2、今日毛鸡（单位：元/斤）,河北,保定,3.80,0.05,2018-01-03
﻿2、今日毛鸡（单位：元/斤）,河北,石家庄,3.89,0.04,2018-01-03
﻿2、今日毛鸡（单位：元/斤）,河北,唐山,3.78,0.06,2018-01-03
﻿2、今日毛鸡（单位：元/斤）,河南,安阳,3.80,0.02,2018-01-03
﻿2、今日毛鸡（单位：元/斤）,河南,新乡,3.80,0.02,2018-01-03
﻿2、今日毛鸡（单位：元/斤）,河南,濮阳,3.80,0.02,2018-01-03
﻿2、今日毛鸡（单位：元/斤）,河南,周口（活禽）,4.35,0.00,2018-01-03
﻿2、今日毛鸡（单位：元/斤）,河南,商丘（活禽）,4.35,0.00,2018-01-03
﻿2、今日毛鸡（单位：元/斤）,河南,开封（活禽）,4.35,0.00,2018-01-03
﻿2、今日毛鸡（单位：元/斤）,辽宁,沈阳,4.05,0.05,2018-01-03
﻿2、今日毛鸡（单位：元/斤）,辽宁,大连,4.00,0.05,2018-01-03
﻿2、今日毛鸡（单位：元/斤）,辽宁,鞍山,4.00,0.05,2018-01-03
﻿2、今日毛鸡（单位：元/斤）,辽宁,营口,4.00,0.05,2018-01-03
﻿2、今日毛鸡（单位：元/斤）,辽宁,盘锦,4.00,0.05,2018-01-03
﻿2、今日毛鸡（单位：元/斤）,辽宁,辽阳,4.00,0.05,2018-01-03
﻿2、今日毛鸡（单位：元/斤）,辽宁,本溪,4.05,0.05,2018-01-03
﻿2、今日毛鸡（单位：元/斤）,辽宁,铁岭,4.05,0.05,2018-01-03
﻿2、今日毛鸡（单位：元/斤）,辽宁,抚顺,4.05,0.05,2018-01-03
﻿2、今日毛鸡（单位：元/斤）,辽宁,丹东,4.05,0.05,2018-01-03
﻿2、今日毛鸡（单位：元/斤）,辽宁,锦州,4.05,0.05,2018-01-03
﻿2、今日毛鸡（单位：元/斤）,辽宁,朝阳,4.05,0.05,2018-01-03
﻿2、今日毛鸡（单位：元/斤）,辽宁,阜新,4.05,0.05,2018-01-03
﻿2、今日毛鸡（单位：元/斤）,辽宁,葫芦岛,4.05,0.05,2018-01-03
﻿2、今日毛鸡（单位：元/斤）,817毛鸡,聊城2.8-3.0斤以上,5.05,0.05,2018-01-03
﻿2、今日毛鸡（单位：元/斤）,817毛鸡,小规格1.7-2.2斤,4.75,0.00,2018-01-03
﻿2、今日毛鸡（单位：元/斤）,817毛鸡,德州3.0斤以上,4.75,0.00,2018-01-03
﻿2、今日毛鸡（单位：元/斤）,817毛鸡,小规格2.3-2.5斤,4.70,0.00,2018-01-03
﻿2、今日毛鸡（单位：元/斤）,江苏,宿迁,3.70,0.02,2018-01-03
﻿2、今日毛鸡（单位：元/斤）,吉林,吉林（棚前）,3.80,0.00,2018-01-03
﻿2、今日毛鸡（单位：元/斤）,黑龙江,黑龙江（棚前）,3.80,0.00,2018-01-03
﻿表名,分类,区域,价格,趋势,日期
﻿3、今日山东麻鸡（单位：元/斤）,无,潍坊,5.90,0.10,2018-01-03
﻿3、今日山东麻鸡（单位：元/斤）,无,淄博,5.90,0.10,2018-01-03
﻿3、今日山东麻鸡（单位：元/斤）,无,东营,5.90,0.10,2018-01-03
﻿3、今日山东麻鸡（单位：元/斤）,无,日照,5.80,0.10,2018-01-03
﻿3、今日山东麻鸡（单位：元/斤）,无,枣庄,5.80,0.10,2018-01-03
﻿3、今日山东麻鸡（单位：元/斤）,无,泰安,5.90,0.10,2018-01-03
﻿3、今日山东麻鸡（单位：元/斤）,无,滨州,5.90,0.10,2018-01-03
﻿3、今日山东麻鸡（单位：元/斤）,无,临沂,5.80,0.10,2018-01-03
﻿3、今日山东麻鸡（单位：元/斤）,无,聊城,5.90,0.10,2018-01-03
﻿3、今日山东麻鸡（单位：元/斤）,无,菏泽,5.80,0.10,2018-01-03
﻿3、今日山东麻鸡（单位：元/斤）,无,济南,5.90,0.10,2018-01-03
﻿3、今日山东麻鸡（单位：元/斤）,无,济宁,5.80,0.10,2018-01-03
﻿表名,分类,厂家,价格,趋势,日期
﻿1.明日鸭苗（单位：元/羽）,无,益客（到户）,1.25,-1.10,2018-01-03
﻿1.明日鸭苗（单位：元/羽）,无,新希望六和,1.20,-1.10,2018-01-03
﻿1.明日鸭苗（单位：元/羽）,无,和康源（到户）,1.25,-1.10,2018-01-03
﻿1.明日鸭苗（单位：元/羽）,无,乐港,1.20,-1.10,2018-01-03
﻿1.明日鸭苗（单位：元/羽）,无,强英,1.20,-1.10,2018-01-03
﻿1.明日鸭苗（单位：元/羽）,无,徐桂,1.20,-1.10,2018-01-03
﻿1.明日鸭苗（单位：元/羽）,无,华英,1.20,-1.10,2018-01-03
﻿1.明日鸭苗（单位：元/羽）,无,潍坊大江,1.20,-1.10,2018-01-03
﻿1.明日鸭苗（单位：元/羽）,无,内蒙古维尔,1.20,-1.10,2018-01-03
﻿1.明日鸭苗（单位：元/羽）,无,塞飞亚,1.20,-1.10,2018-01-03
﻿1.明日鸭苗（单位：元/羽）,无,粤桂,1.00,-0.50,2018-01-03
﻿1.明日鸭苗（单位：元/羽）,无,桂桂,1.00,-0.40,2018-01-03
﻿1.明日鸭苗（单位：元/羽）,无,广西实隆,1.00,-0.40,2018-01-03
﻿1.明日鸭苗（单位：元/羽）,无,广西康旺,1.00,-0.40,2018-01-03
﻿1.明日鸭苗（单位：元/羽）,无,川桂,1.00,-0.70,2018-01-03
﻿1.明日鸭苗（单位：元/羽）,无,绵樱,1.00,-0.70,2018-01-03
﻿1.明日鸭苗（单位：元/羽）,无,智诚,1.20,-1.10,2018-01-03
﻿1.明日鸭苗（单位：元/羽）,无,金枫樱桃谷,1.20,-1.10,2018-01-03
﻿1.明日鸭苗（单位：元/羽）,无,种蛋,1.75,0.05,2018-01-03
﻿表名,分类,区域,价格,趋势,日期
﻿2、今日毛鸭（单位：元/斤）,山东,临沂,3.40,0.00,2018-01-03
﻿2、今日毛鸭（单位：元/斤）,山东,泰安,3.40,0.00,2018-01-03
﻿2、今日毛鸭（单位：元/斤）,山东,淄博（棚前）,3.18,0.00,2018-01-03
﻿2、今日毛鸭（单位：元/斤）,山东,滨州（棚前）,3.18,0.00,2018-01-03
﻿2、今日毛鸭（单位：元/斤）,山东,莱芜,3.40,0.00,2018-01-03
﻿2、今日毛鸭（单位：元/斤）,山东,肥城,3.40,0.00,2018-01-03
﻿2、今日毛鸭（单位：元/斤）,山东,郓城,3.40,0.00,2018-01-03
﻿2、今日毛鸭（单位：元/斤）,山东,枣庄,3.40,0.00,2018-01-03
﻿2、今日毛鸭（单位：元/斤）,山东,潍坊（棚前）,3.20,0.00,2018-01-03
﻿2、今日毛鸭（单位：元/斤）,山东,菏泽,3.40,0.00,2018-01-03
﻿2、今日毛鸭（单位：元/斤）,山东,济宁,3.40,0.00,2018-01-03
﻿2、今日毛鸭（单位：元/斤）,江苏,南京,3.40,0.00,2018-01-03
﻿2、今日毛鸭（单位：元/斤）,江苏,新沂,3.30,0.00,2018-01-03
﻿2、今日毛鸭（单位：元/斤）,江苏,宿迁,3.30,0.00,2018-01-03
﻿2、今日毛鸭（单位：元/斤）,江苏,邳州,3.30,0.00,2018-01-03
﻿2、今日毛鸭（单位：元/斤）,江苏,徐州,3.40,0.00,2018-01-03
﻿2、今日毛鸭（单位：元/斤）,江苏,淮安,3.40,0.00,2018-01-03
﻿2、今日毛鸭（单位：元/斤）,江苏,常州,3.40,0.00,2018-01-03
﻿2、今日毛鸭（单位：元/斤）,江苏,泰州,3.40,0.00,2018-01-03
﻿2、今日毛鸭（单位：元/斤）,河南,郑州,3.40,0.00,2018-01-03
﻿2、今日毛鸭（单位：元/斤）,河南,南阳,3.40,0.00,2018-01-03
﻿2、今日毛鸭（单位：元/斤）,河南,焦作,3.40,0.00,2018-01-03
﻿2、今日毛鸭（单位：元/斤）,河南,安阳,3.40,0.00,2018-01-03
﻿2、今日毛鸭（单位：元/斤）,河北,石家庄,3.45,0.00,2018-01-03
﻿2、今日毛鸭（单位：元/斤）,河北,保定,3.45,0.00,2018-01-03
﻿2、今日毛鸭（单位：元/斤）,河北,邢台,3.40,0.00,2018-01-03
﻿2、今日毛鸭（单位：元/斤）,空,沧州（肥型棚前）,3.80,0.00,2018-01-03
﻿2、今日毛鸭（单位：元/斤）,空,沧州（四系）,4.30,0.00,2018-01-03
﻿2、今日毛鸭（单位：元/斤）,安徽,合肥,3.40,0.00,2018-01-03
﻿2、今日毛鸭（单位：元/斤）,安徽,蚌埠,3.40,0.00,2018-01-03
﻿2、今日毛鸭（单位：元/斤）,安徽,宣城,3.45,0.00,2018-01-03
﻿2、今日毛鸭（单位：元/斤）,安徽,砀山,3.45,0.00,2018-01-03
﻿2、今日毛鸭（单位：元/斤）,湖北,武汉,3.70,0.00,2018-01-03
﻿2、今日毛鸭（单位：元/斤）,湖北,黄石,3.60,0.00,2018-01-03
﻿2、今日毛鸭（单位：元/斤）,湖北,荆门,3.60,0.00,2018-01-03
﻿2、今日毛鸭（单位：元/斤）,江西,南昌,4.70,0.20,2018-01-03
﻿2、今日毛鸭（单位：元/斤）,江西,丰城,4.70,0.20,2018-01-03
﻿2、今日毛鸭（单位：元/斤）,江西,吉安,4.80,0.20,2018-01-03
﻿2、今日毛鸭（单位：元/斤）,四川,成都,3.90,0.00,2018-01-03
﻿2、今日毛鸭（单位：元/斤）,四川,乐山,3.75,0.00,2018-01-03
﻿2、今日毛鸭（单位：元/斤）,四川,眉山,3.80,0.00,2018-01-03
﻿2、今日毛鸭（单位：元/斤）,四川,攀枝花,3.80,0.00,2018-01-03
﻿2、今日毛鸭（单位：元/斤）,广西,南宁旱鸭,4.60,0.50,2018-01-03
﻿2、今日毛鸭（单位：元/斤）,广西,南宁水鸭,4.80,0.50,2018-01-03
﻿2、今日毛鸭（单位：元/斤）,广西,柳州旱鸭,4.60,0.40,2018-01-03
﻿2、今日毛鸭（单位：元/斤）,广西,钦州水鸭,4.80,0.50,2018-01-03
﻿2、今日毛鸭（单位：元/斤）,广西,钦州旱鸭,4.60,0.50,2018-01-03
﻿2、今日毛鸭（单位：元/斤）,广西,桂林旱鸭,4.40,0.20,2018-01-03
﻿2、今日毛鸭（单位：元/斤）,广东,佛山,4.60,0.20,2018-01-03
﻿2、今日毛鸭（单位：元/斤）,广东,惠州,4.60,0.20,2018-01-03
﻿2、今日毛鸭（单位：元/斤）,广东,肇庆,4.60,0.20,2018-01-03
﻿2、今日毛鸭（单位：元/斤）,重庆,重庆,4.10,0.00,2018-01-03
﻿表名,分类,区域,价格,趋势,日期
﻿1、明日鸡苗（单位：元/羽）,鸡苗,山东大厂,停孵,0.00,2018-01-02
﻿1、明日鸡苗（单位：元/羽）,鸡苗,山东中小厂,停孵,0.00,2018-01-02
﻿1、明日鸡苗（单位：元/羽）,鸡苗,河北,停孵,0.00,2018-01-02
﻿1、明日鸡苗（单位：元/羽）,鸡苗,河南,停孵,0.00,2018-01-02
﻿1、明日鸡苗（单位：元/羽）,鸡苗,山西,停孵,0.00,2018-01-02
﻿1、明日鸡苗（单位：元/羽）,鸡苗,江苏,停孵,0.00,2018-01-02
﻿1、明日鸡苗（单位：元/羽）,鸡苗,安徽,停孵,0.00,2018-01-02
﻿1、明日鸡苗（单位：元/羽）,鸡苗,吉林,停孵,0.00,2018-01-02
﻿1、明日鸡苗（单位：元/羽）,鸡苗,黑龙江,停孵,0.00,2018-01-02
﻿1、明日鸡苗（单位：元/羽）,鸡苗,辽宁,停孵,0.00,2018-01-02
﻿1、明日鸡苗（单位：元/羽）,鸡苗,内蒙古,停孵,0.00,2018-01-02
﻿1、明日鸡苗（单位：元/羽）,种蛋,河北,1.40-1.50,0.05,2018-01-02
﻿1、明日鸡苗（单位：元/羽）,种蛋,河南,1.40-1.50,0.05,2018-01-02
﻿1、明日鸡苗（单位：元/羽）,种蛋,宁夏,1.40-1.50,0.05,2018-01-02
﻿1、明日鸡苗（单位：元/羽）,种蛋,兰州,1.40-1.50,0.05,2018-01-02
﻿1、明日鸡苗（单位：元/羽）,种蛋,辽宁,1.30-1.40,0.05,2018-01-02
﻿1、明日鸡苗（单位：元/羽）,种蛋,黑龙江,1.35-1.45,0.05,2018-01-02
﻿1、明日鸡苗（单位：元/羽）,种蛋,吉林,1.35-1.45,0.05,2018-01-02
﻿1、明日鸡苗（单位：元/羽）,817鸡苗,山东德州,1.15-1.25,0.00,2018-01-02
﻿1、明日鸡苗（单位：元/羽）,817鸡苗,山东聊城,1.10-1.20,0.00,2018-01-02
﻿表名,分类,区域,价格,趋势,日期
﻿2、今日毛鸡（单位：元/斤）,山东,沂南,3.75,0.03,2018-01-02
﻿2、今日毛鸡（单位：元/斤）,山东,潍坊,3.77,0.02,2018-01-02
﻿2、今日毛鸡（单位：元/斤）,山东,青岛,3.75,0.03,2018-01-02
﻿2、今日毛鸡（单位：元/斤）,山东,烟台,3.75,0.03,2018-01-02
﻿2、今日毛鸡（单位：元/斤）,山东,东营,3.76,0.03,2018-01-02
﻿2、今日毛鸡（单位：元/斤）,山东,日照,3.76,0.03,2018-01-02
﻿2、今日毛鸡（单位：元/斤）,山东,枣庄,3.76,0.04,2018-01-02
﻿2、今日毛鸡（单位：元/斤）,山东,泰安,3.75,0.05,2018-01-02
﻿2、今日毛鸡（单位：元/斤）,山东,菏泽（活禽）,4.30,0.00,2018-01-02
﻿2、今日毛鸡（单位：元/斤）,山东,滨州,3.77,0.03,2018-01-02
﻿2、今日毛鸡（单位：元/斤）,山东,博兴,3.77,0.03,2018-01-02
﻿2、今日毛鸡（单位：元/斤）,山东,德州,3.76,0.02,2018-01-02
﻿2、今日毛鸡（单位：元/斤）,山东,临沂,3.75,0.03,2018-01-02
﻿2、今日毛鸡（单位：元/斤）,河北,廊坊,3.73,0.03,2018-01-02
﻿2、今日毛鸡（单位：元/斤）,河北,保定,3.75,0.05,2018-01-02
﻿2、今日毛鸡（单位：元/斤）,河北,石家庄,3.85,0.05,2018-01-02
﻿2、今日毛鸡（单位：元/斤）,河北,唐山,3.72,0.02,2018-01-02
﻿2、今日毛鸡（单位：元/斤）,河南,安阳,3.78,0.05,2018-01-02
﻿2、今日毛鸡（单位：元/斤）,河南,新乡,3.78,0.05,2018-01-02
﻿2、今日毛鸡（单位：元/斤）,河南,濮阳,3.78,0.05,2018-01-02
﻿2、今日毛鸡（单位：元/斤）,河南,周口（活禽）,4.35,0.00,2018-01-02
﻿2、今日毛鸡（单位：元/斤）,河南,商丘（活禽）,4.35,0.00,2018-01-02
﻿2、今日毛鸡（单位：元/斤）,河南,开封（活禽）,4.35,0.00,2018-01-02
﻿2、今日毛鸡（单位：元/斤）,辽宁,沈阳,4.00,0.00,2018-01-02
﻿2、今日毛鸡（单位：元/斤）,辽宁,大连,3.95,0.00,2018-01-02
﻿2、今日毛鸡（单位：元/斤）,辽宁,鞍山,3.95,0.00,2018-01-02
﻿2、今日毛鸡（单位：元/斤）,辽宁,营口,3.95,0.00,2018-01-02
﻿2、今日毛鸡（单位：元/斤）,辽宁,盘锦,3.95,0.00,2018-01-02
﻿2、今日毛鸡（单位：元/斤）,辽宁,辽阳,3.95,0.00,2018-01-02
﻿2、今日毛鸡（单位：元/斤）,辽宁,本溪,4.00,0.00,2018-01-02
﻿2、今日毛鸡（单位：元/斤）,辽宁,铁岭,4.00,0.00,2018-01-02
﻿2、今日毛鸡（单位：元/斤）,辽宁,抚顺,4.00,0.00,2018-01-02
﻿2、今日毛鸡（单位：元/斤）,辽宁,丹东,4.00,0.00,2018-01-02
﻿2、今日毛鸡（单位：元/斤）,辽宁,锦州,4.00,0.00,2018-01-02
﻿2、今日毛鸡（单位：元/斤）,辽宁,朝阳,4.00,0.00,2018-01-02
﻿2、今日毛鸡（单位：元/斤）,辽宁,阜新,4.00,0.00,2018-01-02
﻿2、今日毛鸡（单位：元/斤）,辽宁,葫芦岛,4.00,0.00,2018-01-02
﻿2、今日毛鸡（单位：元/斤）,817毛鸡,聊城2.8-3.0斤以上,5.00,0.05,2018-01-02
﻿2、今日毛鸡（单位：元/斤）,817毛鸡,小规格1.7-2.2斤,4.75,0.10,2018-01-02
﻿2、今日毛鸡（单位：元/斤）,817毛鸡,德州3.0斤以上,4.75,0.10,2018-01-02
﻿2、今日毛鸡（单位：元/斤）,817毛鸡,小规格2.3-2.5斤,4.70,0.10,2018-01-02
﻿2、今日毛鸡（单位：元/斤）,江苏,宿迁,3.68,0.00,2018-01-02
﻿2、今日毛鸡（单位：元/斤）,吉林,吉林（棚前）,3.80,-0.10,2018-01-02
﻿2、今日毛鸡（单位：元/斤）,黑龙江,黑龙江（棚前）,3.80,-0.10,2018-01-02
﻿表名,分类,区域,价格,趋势,日期
﻿3、今日山东麻鸡（单位：元/斤）,无,潍坊,5.80,-0.20,2018-01-02
﻿3、今日山东麻鸡（单位：元/斤）,无,淄博,5.80,-0.10,2018-01-02
﻿3、今日山东麻鸡（单位：元/斤）,无,东营,5.80,-0.20,2018-01-02
﻿3、今日山东麻鸡（单位：元/斤）,无,日照,5.70,-0.20,2018-01-02
﻿3、今日山东麻鸡（单位：元/斤）,无,枣庄,5.70,-0.20,2018-01-02
﻿3、今日山东麻鸡（单位：元/斤）,无,泰安,5.80,-0.10,2018-01-02
﻿3、今日山东麻鸡（单位：元/斤）,无,滨州,5.80,-0.20,2018-01-02
﻿3、今日山东麻鸡（单位：元/斤）,无,临沂,5.70,-0.20,2018-01-02
﻿3、今日山东麻鸡（单位：元/斤）,无,聊城,5.80,-0.20,2018-01-02
﻿3、今日山东麻鸡（单位：元/斤）,无,菏泽,5.70,-0.20,2018-01-02
﻿3、今日山东麻鸡（单位：元/斤）,无,济南,5.80,-0.10,2018-01-02
﻿3、今日山东麻鸡（单位：元/斤）,无,济宁,5.70,-0.20,2018-01-02
﻿表名,分类,厂家,价格,趋势,日期
﻿1.明日鸭苗（单位：元/羽）,无,益客（到户）,2.35,0.00,2018-01-02
﻿1.明日鸭苗（单位：元/羽）,无,新希望六和,2.30,0.00,2018-01-02
﻿1.明日鸭苗（单位：元/羽）,无,和康源（到户）,2.35,0.00,2018-01-02
﻿1.明日鸭苗（单位：元/羽）,无,乐港,2.30,0.00,2018-01-02
﻿1.明日鸭苗（单位：元/羽）,无,强英,2.30,0.00,2018-01-02
﻿1.明日鸭苗（单位：元/羽）,无,徐桂,2.30,0.00,2018-01-02
﻿1.明日鸭苗（单位：元/羽）,无,华英,2.30,0.00,2018-01-02
﻿1.明日鸭苗（单位：元/羽）,无,潍坊大江,2.30,0.00,2018-01-02
﻿1.明日鸭苗（单位：元/羽）,无,内蒙古维尔,2.30,0.00,2018-01-02
﻿1.明日鸭苗（单位：元/羽）,无,塞飞亚,2.30,0.00,2018-01-02
﻿1.明日鸭苗（单位：元/羽）,无,粤桂,1.50,0.00,2018-01-02
﻿1.明日鸭苗（单位：元/羽）,无,桂桂,1.40,0.00,2018-01-02
﻿1.明日鸭苗（单位：元/羽）,无,广西实隆,1.40,0.00,2018-01-02
﻿1.明日鸭苗（单位：元/羽）,无,广西康旺,1.40,0.00,2018-01-02
﻿1.明日鸭苗（单位：元/羽）,无,川桂,1.70,未更新,2018-01-02
﻿1.明日鸭苗（单位：元/羽）,无,绵樱,1.70,未更新,2018-01-02
﻿1.明日鸭苗（单位：元/羽）,无,智诚,2.30,0.00,2018-01-02
﻿1.明日鸭苗（单位：元/羽）,无,金枫樱桃谷,2.30,0.00,2018-01-02
﻿1.明日鸭苗（单位：元/羽）,无,种蛋,1.70,0.10,2018-01-02
﻿表名,分类,区域,价格,趋势,日期
﻿2、今日毛鸭（单位：元/斤）,山东,临沂,3.40,0.00,2018-01-02
﻿2、今日毛鸭（单位：元/斤）,山东,泰安,3.40,0.00,2018-01-02
﻿2、今日毛鸭（单位：元/斤）,山东,淄博（棚前）,3.18,0.10,2018-01-02
﻿2、今日毛鸭（单位：元/斤）,山东,滨州（棚前）,3.18,0.10,2018-01-02
﻿2、今日毛鸭（单位：元/斤）,山东,莱芜,3.40,0.00,2018-01-02
﻿2、今日毛鸭（单位：元/斤）,山东,肥城,3.40,0.00,2018-01-02
﻿2、今日毛鸭（单位：元/斤）,山东,郓城,3.40,0.00,2018-01-02
﻿2、今日毛鸭（单位：元/斤）,山东,枣庄,3.40,0.00,2018-01-02
﻿2、今日毛鸭（单位：元/斤）,山东,潍坊（棚前）,3.20,0.10,2018-01-02
﻿2、今日毛鸭（单位：元/斤）,山东,菏泽,3.40,0.05,2018-01-02
﻿2、今日毛鸭（单位：元/斤）,山东,济宁,3.40,0.00,2018-01-02
﻿2、今日毛鸭（单位：元/斤）,江苏,南京,3.40,0.00,2018-01-02
﻿2、今日毛鸭（单位：元/斤）,江苏,新沂,3.30,0.00,2018-01-02
﻿2、今日毛鸭（单位：元/斤）,江苏,宿迁,3.30,0.00,2018-01-02
﻿2、今日毛鸭（单位：元/斤）,江苏,邳州,3.30,0.00,2018-01-02
﻿2、今日毛鸭（单位：元/斤）,江苏,徐州,3.40,0.00,2018-01-02
﻿2、今日毛鸭（单位：元/斤）,江苏,淮安,3.40,0.00,2018-01-02
﻿2、今日毛鸭（单位：元/斤）,江苏,常州,3.40,0.00,2018-01-02
﻿2、今日毛鸭（单位：元/斤）,江苏,泰州,3.40,0.00,2018-01-02
﻿2、今日毛鸭（单位：元/斤）,河南,郑州,3.40,0.00,2018-01-02
﻿2、今日毛鸭（单位：元/斤）,河南,南阳,3.40,0.00,2018-01-02
﻿2、今日毛鸭（单位：元/斤）,河南,焦作,3.40,0.00,2018-01-02
﻿2、今日毛鸭（单位：元/斤）,河南,安阳,3.40,0.00,2018-01-02
﻿2、今日毛鸭（单位：元/斤）,河北,石家庄,3.45,0.00,2018-01-02
﻿2、今日毛鸭（单位：元/斤）,河北,保定,3.45,0.00,2018-01-02
﻿2、今日毛鸭（单位：元/斤）,河北,邢台,3.40,0.00,2018-01-02
﻿2、今日毛鸭（单位：元/斤）,空,沧州（肥型棚前）,3.80,0.00,2018-01-02
﻿2、今日毛鸭（单位：元/斤）,空,沧州（四系）,4.30,0.00,2018-01-02
﻿2、今日毛鸭（单位：元/斤）,安徽,合肥,3.40,0.00,2018-01-02
﻿2、今日毛鸭（单位：元/斤）,安徽,蚌埠,3.40,0.00,2018-01-02
﻿2、今日毛鸭（单位：元/斤）,安徽,宣城,3.45,0.00,2018-01-02
﻿2、今日毛鸭（单位：元/斤）,安徽,砀山,3.45,0.00,2018-01-02
﻿2、今日毛鸭（单位：元/斤）,湖北,武汉,3.70,0.00,2018-01-02
﻿2、今日毛鸭（单位：元/斤）,湖北,黄石,3.60,0.00,2018-01-02
﻿2、今日毛鸭（单位：元/斤）,湖北,荆门,3.60,0.00,2018-01-02
﻿2、今日毛鸭（单位：元/斤）,江西,南昌,4.50,0.10,2018-01-02
﻿2、今日毛鸭（单位：元/斤）,江西,丰城,4.50,0.10,2018-01-02
﻿2、今日毛鸭（单位：元/斤）,江西,吉安,4.60,0.10,2018-01-02
﻿2、今日毛鸭（单位：元/斤）,四川,成都,3.90,0.00,2018-01-02
﻿2、今日毛鸭（单位：元/斤）,四川,乐山,3.75,0.00,2018-01-02
﻿2、今日毛鸭（单位：元/斤）,四川,眉山,3.80,0.00,2018-01-02
﻿2、今日毛鸭（单位：元/斤）,四川,攀枝花,3.80,0.00,2018-01-02
﻿2、今日毛鸭（单位：元/斤）,广西,南宁旱鸭,4.10,0.20,2018-01-02
﻿2、今日毛鸭（单位：元/斤）,广西,南宁水鸭,4.30,0.10,2018-01-02
﻿2、今日毛鸭（单位：元/斤）,广西,柳州旱鸭,4.20,0.20,2018-01-02
﻿2、今日毛鸭（单位：元/斤）,广西,钦州水鸭,4.30,0.10,2018-01-02
﻿2、今日毛鸭（单位：元/斤）,广西,钦州旱鸭,4.10,0.20,2018-01-02
﻿2、今日毛鸭（单位：元/斤）,广西,桂林旱鸭,4.20,0.20,2018-01-02
﻿2、今日毛鸭（单位：元/斤）,广东,佛山,4.40,0.20,2018-01-02
﻿2、今日毛鸭（单位：元/斤）,广东,惠州,4.40,0.20,2018-01-02
﻿2、今日毛鸭（单位：元/斤）,广东,肇庆,4.40,0.20,2018-01-02
﻿2、今日毛鸭（单位：元/斤）,重庆,重庆,4.10,0.00,2018-01-02
﻿表名,分类,区域,价格,趋势,日期
﻿1、明日鸡苗（单位：元/羽）,鸡苗,山东大厂,停孵,0.00,2018-01-01
﻿1、明日鸡苗（单位：元/羽）,鸡苗,山东中小厂,停孵,0.00,2018-01-01
﻿1、明日鸡苗（单位：元/羽）,鸡苗,河北,停孵,0.00,2018-01-01
﻿1、明日鸡苗（单位：元/羽）,鸡苗,河南,停孵,0.00,2018-01-01
﻿1、明日鸡苗（单位：元/羽）,鸡苗,山西,停孵,0.00,2018-01-01
﻿1、明日鸡苗（单位：元/羽）,鸡苗,江苏,停孵,0.00,2018-01-01
﻿1、明日鸡苗（单位：元/羽）,鸡苗,安徽,停孵,0.00,2018-01-01
﻿1、明日鸡苗（单位：元/羽）,鸡苗,吉林,停孵,0.00,2018-01-01
﻿1、明日鸡苗（单位：元/羽）,鸡苗,黑龙江,停孵,0.00,2018-01-01
﻿1、明日鸡苗（单位：元/羽）,鸡苗,辽宁,停孵,0.00,2018-01-01
﻿1、明日鸡苗（单位：元/羽）,鸡苗,内蒙古,停孵,0.00,2018-01-01
﻿1、明日鸡苗（单位：元/羽）,种蛋,河北,1.35-1.45,0.00,2018-01-01
﻿1、明日鸡苗（单位：元/羽）,种蛋,河南,1.35-1.45,0.00,2018-01-01
﻿1、明日鸡苗（单位：元/羽）,种蛋,宁夏,1.35-1.45,0.00,2018-01-01
﻿1、明日鸡苗（单位：元/羽）,种蛋,兰州,1.35-1.45,0.00,2018-01-01
﻿1、明日鸡苗（单位：元/羽）,种蛋,辽宁,1.25-1.35,0.00,2018-01-01
﻿1、明日鸡苗（单位：元/羽）,种蛋,黑龙江,1.30-1.40,0.00,2018-01-01
﻿1、明日鸡苗（单位：元/羽）,种蛋,吉林,1.30-1.40,0.00,2018-01-01
﻿1、明日鸡苗（单位：元/羽）,817鸡苗,山东德州,1.15-1.25,0.00,2018-01-01
﻿1、明日鸡苗（单位：元/羽）,817鸡苗,山东聊城,1.10-1.20,0.00,2018-01-01
﻿表名,分类,区域,价格,趋势,日期
﻿2、今日毛鸡（单位：元/斤）,山东,沂南,元旦放假,0.00,2018-01-01
﻿2、今日毛鸡（单位：元/斤）,山东,潍坊,3.75,0.05,2018-01-01
﻿2、今日毛鸡（单位：元/斤）,山东,青岛,3.72,0.02,2018-01-01
﻿2、今日毛鸡（单位：元/斤）,山东,烟台,3.72,0.02,2018-01-01
﻿2、今日毛鸡（单位：元/斤）,山东,东营,3.73,0.03,2018-01-01
﻿2、今日毛鸡（单位：元/斤）,山东,日照,3.73,0.03,2018-01-01
﻿2、今日毛鸡（单位：元/斤）,山东,枣庄,元旦放假,0.00,2018-01-01
﻿2、今日毛鸡（单位：元/斤）,山东,泰安,3.70,0.00,2018-01-01
﻿2、今日毛鸡（单位：元/斤）,山东,菏泽（活禽）,4.30,0.05,2018-01-01
﻿2、今日毛鸡（单位：元/斤）,山东,滨州,3.74,0.04,2018-01-01
﻿2、今日毛鸡（单位：元/斤）,山东,博兴,3.74,0.04,2018-01-01
﻿2、今日毛鸡（单位：元/斤）,山东,德州,3.74,0.04,2018-01-01
﻿2、今日毛鸡（单位：元/斤）,山东,临沂,元旦放假,0.00,2018-01-01
﻿2、今日毛鸡（单位：元/斤）,河北,廊坊,3.70,0.05,2018-01-01
﻿2、今日毛鸡（单位：元/斤）,河北,保定,3.70,0.00,2018-01-01
﻿2、今日毛鸡（单位：元/斤）,河北,石家庄,3.80,0.02,2018-01-01
﻿2、今日毛鸡（单位：元/斤）,河北,唐山,3.70,0.00,2018-01-01
﻿2、今日毛鸡（单位：元/斤）,河南,安阳,3.73,0.00,2018-01-01
﻿2、今日毛鸡（单位：元/斤）,河南,新乡,3.73,0.00,2018-01-01
﻿2、今日毛鸡（单位：元/斤）,河南,濮阳,3.73,0.00,2018-01-01
﻿2、今日毛鸡（单位：元/斤）,河南,周口（活禽）,4.35,0.00,2018-01-01
﻿2、今日毛鸡（单位：元/斤）,河南,商丘（活禽）,4.35,0.00,2018-01-01
﻿2、今日毛鸡（单位：元/斤）,河南,开封（活禽）,4.35,0.00,2018-01-01
﻿2、今日毛鸡（单位：元/斤）,辽宁,沈阳,4.00,-0.10,2018-01-01
﻿2、今日毛鸡（单位：元/斤）,辽宁,大连,3.95,-0.10,2018-01-01
﻿2、今日毛鸡（单位：元/斤）,辽宁,鞍山,3.95,-0.10,2018-01-01
﻿2、今日毛鸡（单位：元/斤）,辽宁,营口,3.95,-0.10,2018-01-01
﻿2、今日毛鸡（单位：元/斤）,辽宁,盘锦,3.95,-0.10,2018-01-01
﻿2、今日毛鸡（单位：元/斤）,辽宁,辽阳,3.95,-0.10,2018-01-01
﻿2、今日毛鸡（单位：元/斤）,辽宁,本溪,4.00,-0.10,2018-01-01
﻿2、今日毛鸡（单位：元/斤）,辽宁,铁岭,4.00,-0.10,2018-01-01
﻿2、今日毛鸡（单位：元/斤）,辽宁,抚顺,4.00,-0.10,2018-01-01
﻿2、今日毛鸡（单位：元/斤）,辽宁,丹东,4.00,-0.10,2018-01-01
﻿2、今日毛鸡（单位：元/斤）,辽宁,锦州,4.00,-0.10,2018-01-01
﻿2、今日毛鸡（单位：元/斤）,辽宁,朝阳,4.00,-0.10,2018-01-01
﻿2、今日毛鸡（单位：元/斤）,辽宁,阜新,4.00,-0.10,2018-01-01
﻿2、今日毛鸡（单位：元/斤）,辽宁,葫芦岛,4.00,-0.10,2018-01-01
﻿2、今日毛鸡（单位：元/斤）,817毛鸡,聊城2.8-3.0斤以上,4.95,0.05,2018-01-01
﻿2、今日毛鸡（单位：元/斤）,817毛鸡,小规格1.7-2.2斤,4.65,0.10,2018-01-01
﻿2、今日毛鸡（单位：元/斤）,817毛鸡,德州3.0斤以上,4.65,0.10,2018-01-01
﻿2、今日毛鸡（单位：元/斤）,817毛鸡,小规格2.3-2.5斤,4.60,0.10,2018-01-01
﻿2、今日毛鸡（单位：元/斤）,江苏,宿迁,元旦放假,0.00,2018-01-01
﻿2、今日毛鸡（单位：元/斤）,吉林,吉林（棚前）,3.90,0.00,2018-01-01
﻿2、今日毛鸡（单位：元/斤）,黑龙江,黑龙江（棚前）,3.90,0.00,2018-01-01
﻿表名,分类,区域,价格,趋势,日期
﻿3、今日山东麻鸡（单位：元/斤）,无,潍坊,6.00,0.00,2018-01-01
﻿3、今日山东麻鸡（单位：元/斤）,无,淄博,5.90,0.00,2018-01-01
﻿3、今日山东麻鸡（单位：元/斤）,无,东营,6.00,0.00,2018-01-01
﻿3、今日山东麻鸡（单位：元/斤）,无,日照,5.90,0.00,2018-01-01
﻿3、今日山东麻鸡（单位：元/斤）,无,枣庄,5.90,0.00,2018-01-01
﻿3、今日山东麻鸡（单位：元/斤）,无,泰安,5.90,0.00,2018-01-01
﻿3、今日山东麻鸡（单位：元/斤）,无,滨州,6.00,0.00,2018-01-01
﻿3、今日山东麻鸡（单位：元/斤）,无,临沂,5.90,0.00,2018-01-01
﻿3、今日山东麻鸡（单位：元/斤）,无,聊城,6.00,0.00,2018-01-01
﻿3、今日山东麻鸡（单位：元/斤）,无,菏泽,5.90,0.00,2018-01-01
﻿3、今日山东麻鸡（单位：元/斤）,无,济南,5.90,0.00,2018-01-01
﻿3、今日山东麻鸡（单位：元/斤）,无,济宁,5.90,0.00,2018-01-01
﻿表名,分类,厂家,价格,趋势,日期
﻿1.明日鸭苗（单位：元/羽）,无,益客（到户）,2.35,0.00,2018-01-01
﻿1.明日鸭苗（单位：元/羽）,无,新希望六和,2.30,0.00,2018-01-01
﻿1.明日鸭苗（单位：元/羽）,无,和康源（到户）,2.35,0.00,2018-01-01
﻿1.明日鸭苗（单位：元/羽）,无,乐港,2.30,0.00,2018-01-01
﻿1.明日鸭苗（单位：元/羽）,无,强英,2.30,0.00,2018-01-01
﻿1.明日鸭苗（单位：元/羽）,无,徐桂,2.30,0.00,2018-01-01
﻿1.明日鸭苗（单位：元/羽）,无,华英,2.30,0.00,2018-01-01
﻿1.明日鸭苗（单位：元/羽）,无,潍坊大江,2.30,0.00,2018-01-01
﻿1.明日鸭苗（单位：元/羽）,无,内蒙古维尔,2.30,0.00,2018-01-01
﻿1.明日鸭苗（单位：元/羽）,无,塞飞亚,2.30,0.00,2018-01-01
﻿1.明日鸭苗（单位：元/羽）,无,粤桂,1.40,-0.10,2018-01-01
﻿1.明日鸭苗（单位：元/羽）,无,桂桂,1.30,-0.20,2018-01-01
﻿1.明日鸭苗（单位：元/羽）,无,广西实隆,1.30,-0.20,2018-01-01
﻿1.明日鸭苗（单位：元/羽）,无,广西康旺,1.30,-0.20,2018-01-01
﻿1.明日鸭苗（单位：元/羽）,无,川桂,2.10,0.00,2018-01-01
﻿1.明日鸭苗（单位：元/羽）,无,绵樱,2.10,0.00,2018-01-01
﻿1.明日鸭苗（单位：元/羽）,无,智诚,2.30,0.00,2018-01-01
﻿1.明日鸭苗（单位：元/羽）,无,金枫樱桃谷,2.30,0.00,2018-01-01
﻿1.明日鸭苗（单位：元/羽）,无,种蛋,1.55,0.00,2018-01-01
﻿表名,分类,区域,价格,趋势,日期
﻿2、今日毛鸭（单位：元/斤）,山东,临沂,3.40,0.00,2018-01-01
﻿2、今日毛鸭（单位：元/斤）,山东,泰安,3.40,0.00,2018-01-01
﻿2、今日毛鸭（单位：元/斤）,山东,淄博（棚前）,3.08,-0.17,2018-01-01
﻿2、今日毛鸭（单位：元/斤）,山东,滨州（棚前）,3.08,-0.17,2018-01-01
﻿2、今日毛鸭（单位：元/斤）,山东,莱芜,3.40,0.00,2018-01-01
﻿2、今日毛鸭（单位：元/斤）,山东,肥城,3.40,0.00,2018-01-01
﻿2、今日毛鸭（单位：元/斤）,山东,郓城,3.40,0.00,2018-01-01
﻿2、今日毛鸭（单位：元/斤）,山东,枣庄,3.40,0.00,2018-01-01
﻿2、今日毛鸭（单位：元/斤）,山东,潍坊（棚前）,3.10,-0.18,2018-01-01
﻿2、今日毛鸭（单位：元/斤）,山东,菏泽,3.35,-0.05,2018-01-01
﻿2、今日毛鸭（单位：元/斤）,山东,济宁,3.40,0.00,2018-01-01
﻿2、今日毛鸭（单位：元/斤）,江苏,南京,3.40,0.00,2018-01-01
﻿2、今日毛鸭（单位：元/斤）,江苏,新沂,3.30,0.00,2018-01-01
﻿2、今日毛鸭（单位：元/斤）,江苏,宿迁,3.30,0.00,2018-01-01
﻿2、今日毛鸭（单位：元/斤）,江苏,邳州,3.30,0.00,2018-01-01
﻿2、今日毛鸭（单位：元/斤）,江苏,徐州,3.40,0.00,2018-01-01
﻿2、今日毛鸭（单位：元/斤）,江苏,淮安,3.40,0.00,2018-01-01
﻿2、今日毛鸭（单位：元/斤）,江苏,常州,3.40,0.00,2018-01-01
﻿2、今日毛鸭（单位：元/斤）,江苏,泰州,3.40,0.00,2018-01-01
﻿2、今日毛鸭（单位：元/斤）,河南,郑州,3.40,0.00,2018-01-01
﻿2、今日毛鸭（单位：元/斤）,河南,南阳,3.40,0.00,2018-01-01
﻿2、今日毛鸭（单位：元/斤）,河南,焦作,3.40,0.00,2018-01-01
﻿2、今日毛鸭（单位：元/斤）,河南,安阳,3.40,0.00,2018-01-01
﻿2、今日毛鸭（单位：元/斤）,河北,石家庄,3.45,0.00,2018-01-01
﻿2、今日毛鸭（单位：元/斤）,河北,保定,3.45,0.00,2018-01-01
﻿2、今日毛鸭（单位：元/斤）,河北,邢台,3.40,0.00,2018-01-01
﻿2、今日毛鸭（单位：元/斤）,空,沧州（肥型棚前）,3.80,0.00,2018-01-01
﻿2、今日毛鸭（单位：元/斤）,空,沧州（四系）,4.30,0.00,2018-01-01
﻿2、今日毛鸭（单位：元/斤）,安徽,合肥,3.40,0.00,2018-01-01
﻿2、今日毛鸭（单位：元/斤）,安徽,蚌埠,3.40,0.00,2018-01-01
﻿2、今日毛鸭（单位：元/斤）,安徽,宣城,3.45,0.00,2018-01-01
﻿2、今日毛鸭（单位：元/斤）,安徽,砀山,3.45,0.00,2018-01-01
﻿2、今日毛鸭（单位：元/斤）,湖北,武汉,3.70,0.10,2018-01-01
﻿2、今日毛鸭（单位：元/斤）,湖北,黄石,3.60,0.05,2018-01-01
﻿2、今日毛鸭（单位：元/斤）,湖北,荆门,3.60,0.10,2018-01-01
﻿2、今日毛鸭（单位：元/斤）,江西,南昌,4.40,0.10,2018-01-01
﻿2、今日毛鸭（单位：元/斤）,江西,丰城,4.40,0.10,2018-01-01
﻿2、今日毛鸭（单位：元/斤）,江西,吉安,4.50,0.05,2018-01-01
﻿2、今日毛鸭（单位：元/斤）,四川,成都,3.90,0.20,2018-01-01
﻿2、今日毛鸭（单位：元/斤）,四川,乐山,3.75,0.05,2018-01-01
﻿2、今日毛鸭（单位：元/斤）,四川,眉山,3.80,0.10,2018-01-01
﻿2、今日毛鸭（单位：元/斤）,四川,攀枝花,3.80,0.15,2018-01-01
﻿2、今日毛鸭（单位：元/斤）,广西,南宁旱鸭,3.90,0.00,2018-01-01
﻿2、今日毛鸭（单位：元/斤）,广西,南宁水鸭,4.20,0.10,2018-01-01
﻿2、今日毛鸭（单位：元/斤）,广西,柳州旱鸭,4.00,0.10,2018-01-01
﻿2、今日毛鸭（单位：元/斤）,广西,钦州水鸭,4.20,0.10,2018-01-01
﻿2、今日毛鸭（单位：元/斤）,广西,钦州旱鸭,3.90,0.20,2018-01-01
﻿2、今日毛鸭（单位：元/斤）,广西,桂林旱鸭,4.00,0.10,2018-01-01
﻿2、今日毛鸭（单位：元/斤）,广东,佛山,4.20,0.30,2018-01-01
﻿2、今日毛鸭（单位：元/斤）,广东,惠州,4.20,0.30,2018-01-01
﻿2、今日毛鸭（单位：元/斤）,广东,肇庆,4.20,0.30,2018-01-01
﻿2、今日毛鸭（单位：元/斤）,重庆,重庆,4.10,0.10,2018-01-01
